1,2023-04-15 10:35:02.651780,46.0,-1.0,-1.0,123.0625,-7.3125,-4.875
2,2023-04-15 10:35:04.703431,47.0,-1.0,-1.0,328.6875,-4.9375,0.0
4,2023-04-15 10:35:08.818924,47.0,-1.0,-1.0,29.25,10.1875,-20.5
5,2023-04-15 10:35:19.164392,47.0,-1.0,-1.0,297.9375,14.6875,-5.75
6,2023-04-15 10:35:21.233465,47.0,-1.0,-1.0,298.625,-6.3125,-4.1875
8,2023-04-15 10:35:29.475703,47.0,-1.0,-1.0,289.0,8.4375,-3.3125
9,2023-04-15 10:35:31.534012,47.0,-1.0,-1.0,164.3125,1.4375,-48.5625
10,2023-04-15 10:35:33.600012,47.0,-1.0,-1.0,108.0625,-2.125,-14.25
11,2023-04-15 10:35:52.172780,47.0,-1.0,-1.0,314.375,-7.9375,-7.0625
12,2023-04-15 10:35:56.320463,47.0,-1.0,-1.0,90.6875,-4.3125,-11.75
13,2023-04-15 10:35:58.401406,47.0,-1.0,-1.0,299.25,-8.625,1.6875
15,2023-04-15 10:36:00.479885,47.0,-1.0,-1.0,31.1875,-3.5625,2.125
16,2023-04-15 10:36:06.665493,46.0,-1.0,-1.0,161.125,7.0625,0.5
17,2023-04-15 10:36:12.839793,46.0,-1.0,-1.0,257.0625,-1.125,0.625
18,2023-04-15 10:36:14.891835,46.0,-1.0,-1.0,295.0,-2.5,-1.8125
19,2023-04-15 10:36:16.955914,46.0,-1.0,-1.0,259.875,6.375,-0.6875
20,2023-04-15 10:36:19.015508,46.0,-1.0,-1.0,268.5,-13.5,1.5625
21,2023-04-15 10:36:21.065582,46.0,-1.0,-1.0,48.5625,-12.8125,-12.0625
23,2023-04-15 10:36:23.152369,46.0,-1.0,-1.0,20.0,-4.75,-1.625
24,2023-04-15 10:36:25.227744,46.0,-1.0,-1.0,222.875,-13.625,-7.375
25,2023-04-15 10:36:27.288008,46.0,-1.0,-1.0,136.0,-23.875,8.375
26,2023-04-15 10:36:29.358408,46.0,-1.0,-1.0,190.5625,-1.0625,-9.875
27,2023-04-15 10:36:33.504162,46.0,-1.0,-1.0,65.1875,29.5,-28.375
28,2023-04-15 10:36:35.551874,46.0,-1.0,-1.0,53.9375,-7.375,1.0625
31,2023-04-15 10:36:45.875462,46.0,-1.0,-1.0,168.875,2.25,-2.375
32,2023-04-15 10:36:47.943884,46.0,-1.0,-1.0,36.25,0.8125,-6.9375
33,2023-04-15 10:36:50.032136,46.0,-1.0,-1.0,345.9375,0.875,-4.8125
34,2023-04-15 10:36:54.158204,46.0,-1.0,-1.0,105.8125,-5.1875,-3.6875
36,2023-04-15 10:36:56.260743,46.0,-1.0,-1.0,355.875,-3.3125,-0.25
37,2023-04-15 10:36:58.299866,46.0,-1.0,-1.0,316.75,-1.3125,-1.625
38,2023-04-15 10:37:00.359727,46.0,-1.0,-1.0,194.4375,6.9375,-10.3125
39,2023-04-15 10:37:02.416016,46.0,-1.0,-1.0,44.75,-4.1875,-5.25
40,2023-04-15 10:37:04.500088,46.0,-1.0,-1.0,332.25,-2.9375,-6.3125
42,2023-04-15 10:37:08.655933,46.0,-1.0,-1.0,119.3125,-0.9375,-6.625
43,2023-04-15 10:37:14.852778,46.0,-1.0,-1.0,195.4375,22.0625,10.875
44,2023-04-15 10:37:16.912931,46.0,-1.0,-1.0,106.8125,4.25,-14.375
45,2023-04-15 10:37:18.971474,46.0,-1.0,-1.0,3.5,-4.6875,-4.875
46,2023-04-15 10:37:23.086460,46.0,-1.0,-1.0,79.25,1.875,-14.1875
47,2023-04-15 10:37:25.153835,46.0,-1.0,-1.0,243.75,-8.5625,6.5
48,2023-04-15 10:37:29.311014,46.0,-1.0,-1.0,126.375,-1.375,-4.5625
49,2023-04-15 10:37:31.363649,46.0,-1.0,-1.0,175.0,-5.125,-6.5
50,2023-04-15 10:37:37.539342,46.0,-1.0,-1.0,279.0,-1.6875,-3.625
52,2023-04-15 10:37:39.598410,46.0,-1.0,-1.0,66.75,15.75,-4.375
54,2023-04-15 10:37:41.685443,46.0,-1.0,-1.0,333.6875,11.0,-7.625
55,2023-04-15 10:37:43.767517,46.0,-1.0,-1.0,282.25,1.9375,-1.9375
56,2023-04-15 10:37:45.812388,46.0,-1.0,-1.0,113.125,20.6875,-9.5
57,2023-04-15 10:37:58.160509,46.0,-1.0,-1.0,352.8125,-2.5,-11.375
58,2023-04-15 10:38:00.257158,46.0,-1.0,-1.0,199.8125,-6.4375,-14.6875
59,2023-04-15 10:38:02.355536,46.0,-1.0,-1.0,127.125,-10.5625,-10.5625
60,2023-04-15 10:38:04.417472,46.0,-1.0,-1.0,37.1875,-8.375,-6.875
61,2023-04-15 10:38:06.483705,46.0,-1.0,-1.0,235.5625,8.0,-9.6875
62,2023-04-15 10:38:08.530775,46.0,-1.0,-1.0,69.125,10.625,-17.375
64,2023-04-15 10:38:20.924083,46.0,-1.0,-1.0,346.9375,-10.8125,-3.4375
65,2023-04-15 10:38:25.040743,46.0,-1.0,-1.0,326.125,17.375,-0.0625
66,2023-04-15 10:38:27.107807,46.0,-1.0,-1.0,242.125,-1.25,10.9375
67,2023-04-15 10:38:31.223204,46.0,-1.0,-1.0,19.4375,18.9375,-3.9375
69,2023-04-15 10:38:33.332038,46.0,-1.0,-1.0,325.5,-0.875,-6.625
70,2023-04-15 10:44:46.843622,42.0,-1.0,-1.0,248.625,10.5625,-6.75
71,2023-04-15 10:44:48.906563,42.0,-1.0,-1.0,70.625,-0.125,3.5625
72,2023-04-15 10:44:50.961001,42.0,-1.0,-1.0,124.5,-16.6875,11.3125
73,2023-04-15 10:44:53.096093,42.0,-1.0,-1.0,106.1875,1.75,-8.6875
75,2023-04-15 10:44:55.132050,42.0,-1.0,-1.0,229.4375,-2.3125,6.0625
76,2023-04-15 10:44:57.183550,42.0,-1.0,-1.0,31.9375,-2.375,1.6875
77,2023-04-15 10:44:59.235510,42.0,-1.0,-1.0,11.375,-3.125,-4.3125
78,2023-04-15 10:45:01.391078,42.0,-1.0,-1.0,26.0,-3.875,-2.25
79,2023-04-15 10:45:03.448049,42.0,-1.0,-1.0,128.375,-7.0,1.5625
81,2023-04-15 10:45:05.504032,42.0,-1.0,-1.0,248.6875,-17.8125,-2.0
82,2023-04-15 10:45:07.583674,42.0,-1.0,-1.0,23.75,-13.875,-10.0625
83,2023-04-15 10:45:09.631712,42.0,-1.0,-1.0,340.6875,-3.6875,3.875
84,2023-04-15 10:45:11.688044,42.0,-1.0,-1.0,32.625,-6.3125,-4.625
85,2023-04-15 10:45:13.772682,42.0,-1.0,-1.0,56.4375,-6.6875,-16.4375
87,2023-04-15 10:45:15.822534,42.0,-1.0,-1.0,108.875,18.1875,9.1875
88,2023-04-15 10:45:17.890449,42.0,-1.0,-1.0,242.125,-1.375,-1.0625
89,2023-04-15 10:45:19.939164,42.0,-1.0,-1.0,316.0,-5.8125,-4.0625
90,2023-04-15 10:45:22.010264,42.0,-1.0,-1.0,336.8125,-9.4375,-5.1875
91,2023-04-15 10:45:24.067585,42.0,-1.0,-1.0,75.4375,0.875,-14.75
93,2023-04-15 10:45:26.256127,42.0,-1.0,-1.0,54.125,-17.0,2.5
94,2023-04-15 10:45:28.259298,42.0,-1.0,-1.0,82.5625,-13.1875,3.25
95,2023-04-15 10:45:32.362600,42.0,-1.0,-1.0,70.1875,-5.125,-14.0625
96,2023-04-15 10:45:34.419421,42.0,-1.0,-1.0,303.0625,0.5,-5.3125
97,2023-04-15 10:45:36.491830,42.0,-1.0,-1.0,151.8125,3.125,-9.125
100,2023-04-15 10:45:40.608185,42.0,-1.0,-1.0,88.875,0.4375,-4.1875
101,2023-04-15 10:45:42.663541,42.0,-1.0,-1.0,303.5,4.25,-8.6875
102,2023-04-15 10:45:44.715599,42.0,-1.0,-1.0,287.3125,-8.6875,-4.5
103,2023-04-15 10:45:46.775749,42.0,-1.0,-1.0,249.0625,-5.1875,-0.125
105,2023-04-15 10:45:48.843346,42.0,-1.0,-1.0,60.4375,-0.3125,-4.25
106,2023-04-15 10:45:50.887256,42.0,-1.0,-1.0,338.0625,0.4375,-3.3125
107,2023-04-15 10:45:52.945713,42.0,-1.0,-1.0,285.0,-1.8125,-7.9375
108,2023-04-15 10:45:54.994662,42.0,-1.0,-1.0,184.4375,22.6875,-30.5
109,2023-04-15 10:45:59.103702,42.0,-1.0,-1.0,348.0,-11.1875,-1.8125
111,2023-04-15 10:46:01.194147,42.0,-1.0,-1.0,58.4375,-0.75,-4.0625
112,2023-04-15 10:46:03.247392,42.0,-1.0,-1.0,162.9375,0.0,27.1875
113,2023-04-15 10:46:05.303675,42.0,-1.0,-1.0,199.125,-12.3125,-14.8125
114,2023-04-15 10:46:07.366205,41.0,-1.0,-1.0,269.8125,-3.9375,-3.3125
115,2023-04-15 10:46:13.546521,41.0,-1.0,-1.0,97.375,-6.5,-4.4375
116,2023-04-15 10:46:15.595638,41.0,-1.0,-1.0,191.1875,4.6875,-0.5
117,2023-04-15 10:46:17.659886,41.0,-1.0,-1.0,304.375,9.0625,-2.3125
118,2023-04-15 10:46:19.711470,41.0,-1.0,-1.0,314.75,-16.125,-7.875
120,2023-04-15 10:46:21.760173,41.0,-1.0,-1.0,256.5625,-0.9375,0.8125
121,2023-04-15 10:46:25.871197,41.0,-1.0,-1.0,74.9375,-10.1875,-3.9375
122,2023-04-15 10:46:29.985506,41.0,-1.0,-1.0,315.9375,-0.5625,-0.0625
123,2023-04-15 10:46:32.192375,41.0,-1.0,-1.0,241.0,-3.1875,10.75
124,2023-04-15 10:46:34.272015,41.0,-1.0,-1.0,93.875,21.625,0.5
125,2023-04-15 10:46:36.329161,41.0,-1.0,-1.0,346.125,8.25,-1.6875
127,2023-04-15 10:46:40.516572,41.0,-1.0,-1.0,249.375,-0.9375,-3.0625
128,2023-04-15 10:46:42.531794,41.0,-1.0,-1.0,51.5625,7.0625,-2.1875
130,2023-04-15 10:46:44.592879,41.0,-1.0,-1.0,226.3125,-6.0625,-0.625
131,2023-04-15 10:46:48.711699,41.0,-1.0,-1.0,157.1875,-10.5,-4.125
132,2023-04-15 10:46:50.762334,41.0,-1.0,-1.0,109.75,-3.8125,-4.1875
133,2023-04-15 10:46:52.825214,41.0,-1.0,-1.0,57.25,-1.75,-7.4375
135,2023-04-15 10:46:56.961420,41.0,-1.0,-1.0,314.0625,-3.3125,-1.5
136,2023-04-15 10:46:59.030900,41.0,-1.0,-1.0,354.75,-15.875,-3.75
137,2023-04-15 10:47:01.083840,41.0,-1.0,-1.0,115.625,-21.75,6.0
139,2023-04-15 10:47:07.275968,41.0,-1.0,-1.0,14.0,-4.9375,-4.8125
140,2023-04-15 10:47:09.326340,41.0,-1.0,-1.0,33.8125,-4.4375,0.375
141,2023-04-15 10:47:11.385525,41.0,-1.0,-1.0,56.8125,-5.4375,-7.25
142,2023-04-15 10:47:13.435601,41.0,-1.0,-1.0,140.75,-1.75,-2.125
143,2023-04-15 10:47:15.495806,41.0,-1.0,-1.0,196.125,-9.1875,-2.5625
145,2023-04-15 10:47:17.549440,41.0,-1.0,-1.0,143.6875,0.0,-1.5625
146,2023-04-15 10:47:21.665312,41.0,-1.0,-1.0,262.0625,-20.8125,4.25
147,2023-04-15 10:47:23.732011,41.0,-1.0,-1.0,21.25,-11.0625,-9.375
148,2023-04-15 10:47:25.796253,41.0,-1.0,-1.0,132.6875,-0.125,2.0
150,2023-04-15 10:47:27.845518,41.0,-1.0,-1.0,156.0625,-2.9375,5.75
151,2023-04-15 10:47:29.901625,41.0,-1.0,-1.0,230.125,-6.8125,-2.5
152,2023-04-15 10:47:31.963956,41.0,-1.0,-1.0,94.0,3.5,8.3125
153,2023-04-15 10:47:34.003528,41.0,-1.0,-1.0,225.4375,-8.25,-1.3125
154,2023-04-15 10:47:36.057973,41.0,-1.0,-1.0,252.625,-1.9375,-8.6875
155,2023-04-15 10:47:38.120600,41.0,-1.0,-1.0,308.3125,1.0625,2.625
157,2023-04-15 10:47:40.173562,41.0,-1.0,-1.0,93.0,-4.0625,3.3125
159,2023-04-15 10:47:42.253850,41.0,-1.0,-1.0,69.3125,-7.125,-13.8125
160,2023-04-15 10:47:44.320558,41.0,-1.0,-1.0,132.375,9.9375,4.8125
161,2023-04-15 10:47:46.378583,40.0,-1.0,-1.0,357.9375,-14.125,-4.875
162,2023-04-15 10:47:48.421994,41.0,-1.0,-1.0,68.3125,-8.375,-2.5
164,2023-04-15 10:47:50.480034,40.0,-1.0,-1.0,37.75,-8.0625,-5.5625
165,2023-04-15 10:47:52.538769,40.0,-1.0,-1.0,46.8125,-1.375,3.0625
166,2023-04-15 10:47:54.591015,41.0,-1.0,-1.0,40.4375,13.5625,15.5
167,2023-04-15 10:47:58.716315,40.0,-1.0,-1.0,339.5625,8.25,0.5625
168,2023-04-15 10:48:02.895816,40.0,-1.0,-1.0,331.0,8.625,3.1875
169,2023-04-15 10:48:04.959944,40.0,-1.0,-1.0,88.9375,-4.875,1.0
170,2023-04-15 10:48:07.008901,40.0,-1.0,-1.0,313.1875,-2.3125,-7.4375
171,2023-04-15 10:48:09.068585,40.0,-1.0,-1.0,172.5,1.5625,-5.8125
173,2023-04-15 10:48:11.133460,40.0,-1.0,-1.0,54.0625,-2.0,-3.125
174,2023-04-15 10:48:13.183700,40.0,-1.0,-1.0,41.0,1.6875,-4.625
175,2023-04-15 10:48:15.235517,40.0,-1.0,-1.0,5.0,-4.6875,-5.25
176,2023-04-15 10:48:17.310548,40.0,-1.0,-1.0,204.8125,-0.5,-7.1875
178,2023-04-15 10:48:19.436880,40.0,-1.0,-1.0,102.1875,-6.1875,-12.25
179,2023-04-15 10:48:21.481621,40.0,-1.0,-1.0,20.9375,20.9375,3.625
180,2023-04-15 10:48:23.545881,40.0,-1.0,-1.0,224.5625,6.4375,22.875
181,2023-04-15 10:48:25.596224,40.0,-1.0,-1.0,140.5,-0.6875,-9.3125
182,2023-04-15 10:48:27.651568,40.0,-1.0,-1.0,70.3125,-6.1875,-4.3125
183,2023-04-15 10:48:29.714269,40.0,-1.0,-1.0,11.4375,0.6875,-1.0
185,2023-04-15 10:48:31.763816,40.0,-1.0,-1.0,330.8125,2.75,-14.3125
186,2023-04-15 10:48:33.820252,40.0,-1.0,-1.0,246.375,-17.6875,1.375
187,2023-04-15 10:48:35.879754,40.0,-1.0,-1.0,220.8125,8.75,-0.125
188,2023-04-15 10:48:39.999800,40.0,-1.0,-1.0,30.5,4.1875,-1.9375
191,2023-04-15 10:48:42.067722,40.0,-1.0,-1.0,256.25,1.375,-0.625
192,2023-04-15 10:48:44.153594,40.0,-1.0,-1.0,210.125,-6.875,-7.3125
193,2023-04-15 10:48:46.212336,40.0,-1.0,-1.0,134.1875,-1.75,-0.5
194,2023-04-15 10:48:48.259178,40.0,-1.0,-1.0,326.5625,57.0625,9.875
195,2023-04-15 10:48:50.366960,40.0,-1.0,-1.0,283.75,-1.125,-13.625
197,2023-04-15 10:48:52.489305,40.0,-1.0,-1.0,253.625,-10.375,-2.0
198,2023-04-15 10:48:54.527099,40.0,-1.0,-1.0,192.25,0.125,-4.0625
199,2023-04-15 10:48:56.572292,40.0,-1.0,-1.0,37.4375,6.0,-12.6875
200,2023-04-15 10:49:00.691867,40.0,-1.0,-1.0,317.6875,1.1875,6.875
201,2023-04-15 10:49:02.751004,40.0,-1.0,-1.0,343.4375,-7.375,-11.9375
203,2023-04-15 10:49:04.799668,40.0,-1.0,-1.0,144.9375,-1.5,-11.375
204,2023-04-15 10:49:08.919809,40.0,-1.0,-1.0,357.75,-4.625,1.1875
205,2023-04-15 10:49:10.976004,40.0,-1.0,-1.0,115.6875,-11.875,-1.75
206,2023-04-15 10:49:13.031646,40.0,-1.0,-1.0,164.375,-4.5,-7.1875
208,2023-04-15 10:49:15.101390,40.0,-1.0,-1.0,206.625,-4.875,0.5
209,2023-04-15 10:49:17.157550,40.0,-1.0,-1.0,354.375,-1.8125,-2.5
210,2023-04-15 10:49:19.224062,40.0,-1.0,-1.0,36.625,-5.9375,-2.0625
211,2023-04-15 10:49:21.275905,40.0,-1.0,-1.0,37.5625,-5.1875,-7.625
212,2023-04-15 10:49:23.389893,39.0,-1.0,-1.0,21.625,-13.75,-2.375
213,2023-04-15 10:49:25.443399,39.0,-1.0,-1.0,50.1875,-19.4375,-4.9375
215,2023-04-15 10:49:27.544050,39.0,-1.0,-1.0,303.625,-11.625,-1.0625
216,2023-04-15 10:49:29.600915,39.0,-1.0,-1.0,171.0,-7.1875,14.875
217,2023-04-15 10:49:31.655873,39.0,-1.0,-1.0,102.8125,7.3125,-6.75
218,2023-04-15 10:49:33.704842,39.0,-1.0,-1.0,199.6875,-5.9375,8.6875
219,2023-04-15 10:49:35.759750,39.0,-1.0,-1.0,293.3125,-11.0,-6.875
221,2023-04-15 10:49:37.807121,39.0,-1.0,-1.0,200.25,1.5625,7.625
222,2023-04-15 10:49:39.870934,39.0,-1.0,-1.0,226.75,-3.875,-2.4375
224,2023-04-15 10:49:41.919817,39.0,-1.0,-1.0,161.8125,-10.5,-5.9375
226,2023-04-15 10:49:50.143047,39.0,-1.0,-1.0,157.0,-3.1875,-2.25
227,2023-04-15 10:49:52.202239,39.0,-1.0,-1.0,137.875,-6.9375,-7.75
228,2023-04-15 10:49:54.254574,39.0,-1.0,-1.0,187.375,-0.375,-3.6875
229,2023-04-15 10:49:56.331930,39.0,-1.0,-1.0,251.3125,-6.5625,0.9375
230,2023-04-15 10:49:58.379766,39.0,-1.0,-1.0,45.1875,-4.625,-1.9375
232,2023-04-15 10:50:06.620162,39.0,-1.0,-1.0,290.4375,-4.8125,-2.0
234,2023-04-15 10:50:08.690821,39.0,-1.0,-1.0,327.4375,-5.625,-6.875
235,2023-04-15 10:50:10.754818,39.0,-1.0,-1.0,347.6875,0.5,-0.1875
236,2023-04-15 10:50:12.832057,39.0,-1.0,-1.0,107.4375,-7.0,5.625
237,2023-04-15 10:50:16.963797,39.0,-1.0,-1.0,133.875,-3.375,3.875
238,2023-04-15 10:50:19.027848,39.0,-1.0,-1.0,158.125,-14.4375,1.5625
240,2023-04-15 10:50:21.080277,39.0,-1.0,-1.0,221.125,-6.6875,-4.5625
241,2023-04-15 10:50:23.127055,39.0,-1.0,-1.0,257.125,1.5,1.375
242,2023-04-15 10:50:25.192179,39.0,-1.0,-1.0,349.4375,-4.875,0.25
243,2023-04-15 10:50:27.267149,39.0,-1.0,-1.0,48.625,-5.0625,-4.3125
244,2023-04-15 10:50:31.382439,39.0,-1.0,-1.0,198.4375,0.5,-1.5
245,2023-04-15 10:50:33.442542,39.0,-1.0,-1.0,11.25,-8.8125,-5.0625
246,2023-04-15 10:50:35.513805,39.0,-1.0,-1.0,23.8125,-3.125,-0.875
247,2023-04-15 10:50:37.587291,39.0,-1.0,-1.0,44.0,-11.5,-7.9375
248,2023-04-15 10:50:39.663379,39.0,-1.0,-1.0,135.625,-3.6875,-5.25
250,2023-04-15 10:50:41.708157,39.0,-1.0,-1.0,224.3125,-2.5,-3.0
251,2023-04-15 10:50:43.783997,39.0,-1.0,-1.0,305.1875,1.875,0.0
252,2023-04-15 10:50:45.836662,39.0,-1.0,-1.0,332.1875,-6.5625,-6.5625
253,2023-04-15 10:50:47.904298,39.0,-1.0,-1.0,300.125,3.875,16.0625
254,2023-04-15 10:50:49.952117,39.0,-1.0,-1.0,255.25,-3.875,-5.1875
256,2023-04-15 10:50:52.023712,38.0,-1.0,-1.0,231.75,-6.4375,4.6875
257,2023-04-15 10:50:58.207091,38.0,-1.0,-1.0,269.1875,-5.0625,-4.8125
258,2023-04-15 10:51:00.273630,38.0,-1.0,-1.0,140.3125,6.125,-11.875
260,2023-04-15 10:51:02.340198,38.0,-1.0,-1.0,23.9375,-2.8125,-0.0625
261,2023-04-15 10:51:04.451834,38.0,-1.0,-1.0,336.875,-1.75,-5.9375
262,2023-04-15 10:51:06.519072,38.0,-1.0,-1.0,356.25,-8.1875,-6.75
263,2023-04-15 10:51:08.612258,38.0,-1.0,-1.0,340.625,-8.25,-3.25
264,2023-04-15 10:51:10.670503,38.0,-1.0,-1.0,214.1875,-2.5625,-7.0
266,2023-04-15 10:51:12.725199,38.0,-1.0,-1.0,104.4375,-5.1875,-5.0
267,2023-04-15 10:51:14.795629,38.0,-1.0,-1.0,71.0625,-9.125,-4.875
268,2023-04-15 10:51:16.851248,38.0,-1.0,-1.0,346.3125,-5.25,2.0625
269,2023-04-15 10:51:20.965801,38.0,-1.0,-1.0,160.1875,7.3125,-11.1875
270,2023-04-15 10:51:23.020085,38.0,-1.0,-1.0,10.6875,-8.4375,-13.5625
272,2023-04-15 10:51:25.080464,38.0,-1.0,-1.0,300.5,-3.4375,-1.0625
273,2023-04-15 10:51:27.127537,38.0,-1.0,-1.0,298.4375,-5.5625,-8.125
274,2023-04-15 10:51:29.184285,38.0,-1.0,-1.0,289.125,-5.25,-3.3125
275,2023-04-15 10:51:31.232682,38.0,-1.0,-1.0,316.4375,0.9375,-0.25
276,2023-04-15 10:51:33.286903,38.0,-1.0,-1.0,323.875,-21.4375,-10.0
278,2023-04-15 10:51:35.371140,38.0,-1.0,-1.0,175.375,2.0,-6.1875
279,2023-04-15 10:51:37.453326,38.0,-1.0,-1.0,36.1875,1.5,7.6875
280,2023-04-15 10:51:39.515714,38.0,-1.0,-1.0,262.125,-18.875,28.25
281,2023-04-15 10:51:41.587221,38.0,-1.0,-1.0,238.4375,4.5625,-5.375
283,2023-04-15 10:51:45.684044,38.0,-1.0,-1.0,273.75,16.875,-16.5625
284,2023-04-15 10:51:47.763819,38.0,-1.0,-1.0,275.375,-10.5625,-4.8125
285,2023-04-15 10:51:51.887920,38.0,-1.0,-1.0,57.0,-7.4375,12.1875
286,2023-04-15 10:51:53.963898,38.0,-1.0,-1.0,28.75,3.875,-22.0
288,2023-04-15 10:51:56.025691,38.0,-1.0,-1.0,14.0,-19.5625,1.0625
289,2023-04-15 10:51:58.096190,38.0,-1.0,-1.0,221.0,0.9375,4.0
290,2023-04-15 10:52:00.147797,38.0,-1.0,-1.0,58.0625,6.6875,3.8125
291,2023-04-15 10:52:02.208832,38.0,-1.0,-1.0,358.4375,-0.125,-6.0
292,2023-04-15 10:52:04.257712,38.0,-1.0,-1.0,281.5625,-4.25,-16.3125
294,2023-04-15 10:52:06.303540,38.0,-1.0,-1.0,207.75,-9.25,0.0625
295,2023-04-15 10:52:10.414503,38.0,-1.0,-1.0,79.25,-3.4375,-14.1875
296,2023-04-15 10:52:12.471560,38.0,-1.0,-1.0,313.1875,20.9375,-9.875
297,2023-04-15 10:52:14.522719,38.0,-1.0,-1.0,271.0,-11.9375,-1.0
298,2023-04-15 10:52:16.568282,38.0,-1.0,-1.0,253.6875,-4.6875,4.75
299,2023-04-15 10:52:18.629498,38.0,-1.0,-1.0,251.6875,-17.8125,2.875
300,2023-04-15 10:52:20.692979,38.0,-1.0,-1.0,226.375,7.8125,-10.4375
301,2023-04-15 10:52:22.739995,38.0,-1.0,-1.0,152.75,-15.375,-11.8125
302,2023-04-15 10:52:24.815783,38.0,-1.0,-1.0,191.125,8.125,6.6875
304,2023-04-15 10:52:26.927548,37.0,-1.0,-1.0,332.5625,2.125,10.6875
305,2023-04-15 10:52:28.982889,37.0,-1.0,-1.0,37.5,-15.4375,2.6875
306,2023-04-15 10:52:31.038702,37.0,-1.0,-1.0,336.625,8.5625,-5.4375
307,2023-04-15 10:52:33.089750,37.0,-1.0,-1.0,359.8125,-11.9375,-4.0625
308,2023-04-15 10:52:35.171892,37.0,-1.0,-1.0,39.6875,-9.25,-5.8125
309,2023-04-15 10:52:37.227217,37.0,-1.0,-1.0,154.1875,-12.4375,-14.625
311,2023-04-15 10:52:39.276199,37.0,-1.0,-1.0,292.25,-1.8125,-4.8125
313,2023-04-15 10:52:41.344338,37.0,-1.0,-1.0,359.5,-5.875,0.375
314,2023-04-15 10:52:43.415931,37.0,-1.0,-1.0,318.375,1.3125,-5.5
315,2023-04-15 10:52:45.483917,37.0,-1.0,-1.0,87.5,3.9375,13.0
316,2023-04-15 10:52:47.536457,37.0,-1.0,-1.0,251.3125,0.875,-3.3125
317,2023-04-15 10:52:49.580021,37.0,-1.0,-1.0,59.5625,7.8125,-17.875
318,2023-04-15 10:52:51.631315,37.0,-1.0,-1.0,251.625,3.6875,-22.875
319,2023-04-15 10:52:53.691712,37.0,-1.0,-1.0,225.4375,-8.4375,-5.25
320,2023-04-15 10:52:55.744042,37.0,-1.0,-1.0,260.5,-1.75,-8.25
321,2023-04-15 10:52:57.807576,37.0,-1.0,-1.0,26.8125,-3.5625,0.75
323,2023-04-15 10:52:59.912686,37.0,-1.0,-1.0,152.8125,-1.8125,5.375
324,2023-04-15 10:53:01.971938,37.0,-1.0,-1.0,213.5625,-2.25,-8.375
325,2023-04-15 10:53:04.028943,37.0,-1.0,-1.0,233.25,3.3125,-6.125
326,2023-04-15 10:53:06.081470,37.0,-1.0,-1.0,37.125,19.375,-4.8125
327,2023-04-15 10:53:08.135831,37.0,-1.0,-1.0,285.0625,-8.6875,-3.0625
329,2023-04-15 10:53:10.195710,37.0,-1.0,-1.0,15.3125,-0.3125,2.0625
330,2023-04-15 10:53:12.260037,37.0,-1.0,-1.0,131.9375,-4.8125,6.8125
331,2023-04-15 10:53:14.311922,37.0,-1.0,-1.0,177.125,-9.9375,-1.1875
332,2023-04-15 10:53:16.365508,37.0,-1.0,-1.0,178.0625,-2.9375,0.5
333,2023-04-15 10:53:18.431848,37.0,-1.0,-1.0,173.9375,-9.25,-4.875
334,2023-04-15 10:53:20.504073,37.0,-1.0,-1.0,264.9375,-4.25,2.25
336,2023-04-15 10:53:22.570842,37.0,-1.0,-1.0,99.4375,-15.5,7.4375
337,2023-04-15 10:53:24.611257,37.0,-1.0,-1.0,279.0,18.6875,-32.875
338,2023-04-15 10:53:26.672251,37.0,-1.0,-1.0,191.5625,0.3125,-3.8125
339,2023-04-15 10:53:28.734418,37.0,-1.0,-1.0,196.625,21.1875,-12.0
340,2023-04-15 10:53:30.783599,37.0,-1.0,-1.0,16.25,-16.125,-28.1875
342,2023-04-15 10:53:32.856543,37.0,-1.0,-1.0,281.375,-2.1875,-9.625
343,2023-04-15 10:53:34.980301,37.0,-1.0,-1.0,217.375,12.75,10.3125
344,2023-04-15 10:53:37.033519,37.0,-1.0,-1.0,243.8125,-10.5,-7.3125
345,2023-04-15 10:53:39.084431,37.0,-1.0,-1.0,228.5625,1.625,-5.25
347,2023-04-15 10:53:41.151627,37.0,-1.0,-1.0,244.4375,-7.4375,-5.375
349,2023-04-15 10:53:43.203904,37.0,-1.0,-1.0,249.25,-1.125,-7.6875
350,2023-04-15 10:53:45.258421,37.0,-1.0,-1.0,239.1875,-6.9375,10.0625
351,2023-04-15 10:53:47.319701,37.0,-1.0,-1.0,307.5,-11.0625,-1.8125
352,2023-04-15 10:53:49.364824,37.0,-1.0,-1.0,22.125,-8.3125,-8.3125
353,2023-04-15 10:53:51.430941,37.0,-1.0,-1.0,45.9375,-5.1875,0.25
354,2023-04-15 10:53:53.499439,37.0,-1.0,-1.0,331.6875,6.375,-16.9375
355,2023-04-15 10:53:55.544942,36.0,-1.0,-1.0,3.6875,1.4375,-2.8125
356,2023-04-15 10:53:57.604011,36.0,-1.0,-1.0,142.5,-7.75,0.375
357,2023-04-15 10:53:59.654790,36.0,-1.0,-1.0,237.0,-9.375,-3.5
358,2023-04-15 10:54:03.756007,36.0,-1.0,-1.0,139.875,-4.4375,-7.6875
360,2023-04-15 10:54:05.909319,36.0,-1.0,-1.0,188.25,-11.9375,-4.4375
361,2023-04-15 10:54:08.019251,36.0,-1.0,-1.0,25.625,-11.125,1.0625
362,2023-04-15 10:54:10.068157,36.0,-1.0,-1.0,142.125,-13.25,-14.5625
363,2023-04-15 10:54:12.119771,36.0,-1.0,-1.0,197.6875,10.875,-6.9375
364,2023-04-15 10:54:14.171826,36.0,-1.0,-1.0,331.1875,-5.8125,-5.0
365,2023-04-15 10:54:16.234507,36.0,-1.0,-1.0,82.1875,-6.25,-3.5625
366,2023-04-15 10:54:18.284222,36.0,-1.0,-1.0,358.75,9.5,-22.9375
367,2023-04-15 10:54:20.348138,36.0,-1.0,-1.0,357.75,0.375,3.75
368,2023-04-15 10:54:22.406391,36.0,-1.0,-1.0,118.8125,-9.3125,-0.6875
369,2023-04-15 10:54:24.459512,36.0,-1.0,-1.0,332.75,-5.125,-10.4375
371,2023-04-15 10:54:26.520348,36.0,-1.0,-1.0,355.6875,-2.75,-2.125
372,2023-04-15 10:54:28.574746,36.0,-1.0,-1.0,158.6875,14.4375,21.1875
373,2023-04-15 10:54:30.640314,36.0,-1.0,-1.0,328.1875,-3.5,7.25
374,2023-04-15 10:54:32.715659,36.0,-1.0,-1.0,266.625,2.8125,-3.0
375,2023-04-15 10:54:34.763523,36.0,-1.0,-1.0,307.4375,-9.9375,-1.5625
377,2023-04-15 10:54:38.882774,36.0,-1.0,-1.0,118.125,-6.125,-8.6875
378,2023-04-15 10:54:40.963805,36.0,-1.0,-1.0,39.25,-4.6875,-9.8125
380,2023-04-15 10:54:43.065750,36.0,-1.0,-1.0,336.5,-8.1875,-1.0625
381,2023-04-15 10:54:45.135083,36.0,-1.0,-1.0,330.8125,1.875,-8.9375
383,2023-04-15 10:54:47.189222,36.0,-1.0,-1.0,271.1875,-1.9375,-11.6875
384,2023-04-15 10:54:49.256275,36.0,-1.0,-1.0,130.5,-6.5625,-4.25
385,2023-04-15 10:54:51.307759,36.0,-1.0,-1.0,68.0625,-3.1875,-3.75
386,2023-04-15 10:54:53.371789,36.0,-1.0,-1.0,58.625,-4.375,-10.3125
387,2023-04-15 10:54:55.536395,36.0,-1.0,-1.0,322.125,-11.375,-4.3125
388,2023-04-15 10:54:57.591931,36.0,-1.0,-1.0,232.1875,-0.8125,2.5625
390,2023-04-15 10:54:59.635245,36.0,-1.0,-1.0,207.5,9.9375,-0.125
391,2023-04-15 10:55:01.699885,36.0,-1.0,-1.0,139.375,-7.5,-7.625
392,2023-04-15 10:55:03.750839,36.0,-1.0,-1.0,17.875,-8.8125,-5.125
393,2023-04-15 10:55:05.800204,36.0,-1.0,-1.0,269.625,-5.1875,0.375
394,2023-04-15 10:55:07.868542,36.0,-1.0,-1.0,207.25,-4.6875,-4.4375
396,2023-04-15 10:55:09.916335,36.0,-1.0,-1.0,112.5625,8.0,0.3125
397,2023-04-15 10:55:14.027596,36.0,-1.0,-1.0,245.4375,-6.4375,-6.75
398,2023-04-15 10:55:16.116008,36.0,-1.0,-1.0,258.8125,-7.25,-3.25
400,2023-04-15 10:55:20.242274,36.0,-1.0,-1.0,61.1875,11.0625,4.5
401,2023-04-15 10:55:22.291788,36.0,-1.0,-1.0,294.0625,13.25,2.9375
402,2023-04-15 10:55:24.362567,36.0,-1.0,-1.0,28.5,-18.5625,9.0625
403,2023-04-15 10:55:26.431759,36.0,-1.0,-1.0,176.3125,12.6875,-5.9375
404,2023-04-15 10:55:30.543434,35.0,-1.0,-1.0,37.875,-14.375,-8.9375
406,2023-04-15 10:55:32.591936,35.0,-1.0,-1.0,155.5625,-17.625,-7.125
407,2023-04-15 10:55:34.679665,35.0,-1.0,-1.0,250.5625,-4.125,-8.9375
408,2023-04-15 10:55:36.731174,35.0,-1.0,-1.0,167.75,-10.875,-3.375
409,2023-04-15 10:55:38.788163,35.0,-1.0,-1.0,58.0,9.5625,-20.875
410,2023-04-15 10:55:40.848256,35.0,-1.0,-1.0,303.5625,-3.875,-10.625
413,2023-04-15 10:55:42.909641,35.0,-1.0,-1.0,221.25,-18.4375,7.375
414,2023-04-15 10:55:44.962036,35.0,-1.0,-1.0,161.625,10.625,-1.125
415,2023-04-15 10:55:47.015752,35.0,-1.0,-1.0,92.375,0.125,-9.0
416,2023-04-15 10:55:49.084723,35.0,-1.0,-1.0,173.125,-25.4375,4.9375
417,2023-04-15 10:55:51.164957,35.0,-1.0,-1.0,340.6875,-4.3125,-1.75
419,2023-04-15 10:55:53.211876,35.0,-1.0,-1.0,32.375,7.75,-13.8125
420,2023-04-15 10:55:55.263618,35.0,-1.0,-1.0,359.4375,-14.0625,4.8125
421,2023-04-15 10:55:57.335897,35.0,-1.0,-1.0,335.25,-4.625,-10.4375
422,2023-04-15 10:55:59.384461,35.0,-1.0,-1.0,264.75,-8.1875,-5.375
423,2023-04-15 10:56:01.431781,35.0,-1.0,-1.0,217.6875,15.75,7.75
425,2023-04-15 10:56:05.568452,35.0,-1.0,-1.0,37.875,-5.0625,-4.6875
426,2023-04-15 10:56:07.613261,35.0,-1.0,-1.0,31.0,-3.75,-8.125
427,2023-04-15 10:56:09.687388,35.0,-1.0,-1.0,45.375,-7.0625,-4.25
428,2023-04-15 10:56:11.735428,35.0,-1.0,-1.0,228.6875,2.875,1.0625
430,2023-04-15 10:56:13.787930,35.0,-1.0,-1.0,301.3125,-3.625,-2.875
431,2023-04-15 10:56:15.844268,35.0,-1.0,-1.0,313.625,-8.3125,-0.8125
432,2023-04-15 10:56:17.906023,35.0,-1.0,-1.0,69.0625,-4.125,-7.125
433,2023-04-15 10:56:19.951829,35.0,-1.0,-1.0,177.4375,-0.875,-4.5625
434,2023-04-15 10:56:22.016084,35.0,-1.0,-1.0,105.0,-10.5625,-7.1875
436,2023-04-15 10:56:24.081275,35.0,-1.0,-1.0,124.625,-11.0,-1.8125
437,2023-04-15 10:56:28.237476,35.0,-1.0,-1.0,208.0625,-5.6875,-1.5625
438,2023-04-15 10:59:17.359813,33.0,-1.0,-1.0,346.1875,-5.0,-7.8125
439,2023-04-15 10:59:21.508324,33.0,-1.0,-1.0,122.4375,-2.75,-7.3125
440,2023-04-15 10:59:23.559920,33.0,-1.0,-1.0,118.0,-5.25,-3.6875
441,2023-04-15 10:59:27.680653,33.0,-1.0,-1.0,167.625,-2.5,-6.0625
442,2023-04-15 10:59:29.744071,33.0,-1.0,-1.0,44.5625,-4.6875,-9.0625
443,2023-04-15 10:59:31.792436,33.0,-1.0,-1.0,353.125,-8.9375,-5.875
444,2023-04-15 10:59:33.846376,33.0,-1.0,-1.0,273.8125,-1.6875,-5.3125
445,2023-04-15 10:59:35.901406,33.0,-1.0,-1.0,315.5,-11.25,-5.0
447,2023-04-15 10:59:42.099650,33.0,-1.0,-1.0,125.75,-4.1875,-7.75
448,2023-04-15 10:59:44.163407,33.0,-1.0,-1.0,75.0,-4.3125,-7.0
449,2023-04-15 10:59:46.223850,33.0,-1.0,-1.0,59.0,-6.0625,-0.1875
450,2023-04-15 10:59:48.275827,33.0,-1.0,-1.0,296.1875,14.75,-8.75
451,2023-04-15 10:59:50.327130,33.0,-1.0,-1.0,277.4375,-26.25,-1.8125
452,2023-04-15 10:59:52.387808,33.0,-1.0,-1.0,147.125,6.6875,-14.0625
453,2023-04-15 10:59:54.456343,33.0,-1.0,-1.0,293.6875,-7.3125,2.75
454,2023-04-15 10:59:56.553837,33.0,-1.0,-1.0,233.5,-2.8125,1.0625
455,2023-04-15 10:59:58.617321,33.0,-1.0,-1.0,241.625,-16.0625,-8.625
456,2023-04-15 11:00:00.668463,33.0,-1.0,-1.0,247.25,-3.3125,-7.3125
457,2023-04-15 11:00:02.717377,33.0,-1.0,-1.0,130.9375,-6.3125,-10.625
458,2023-04-15 11:00:06.832133,33.0,-1.0,-1.0,69.4375,-5.0,-9.8125
459,2023-04-15 11:00:08.915328,33.0,-1.0,-1.0,359.6875,-3.625,-8.0625
460,2023-04-15 11:00:10.984287,33.0,-1.0,-1.0,270.6875,-3.0625,-9.5625
461,2023-04-15 11:00:13.032451,33.0,-1.0,-1.0,289.6875,-2.8125,-0.8125
462,2023-04-15 11:00:15.106784,33.0,-1.0,-1.0,38.9375,-3.125,-5.875
463,2023-04-15 11:00:17.150804,33.0,-1.0,-1.0,104.125,0.625,-0.3125
464,2023-04-15 11:00:19.200099,33.0,-1.0,-1.0,59.5,-8.0,-0.3125
465,2023-04-15 11:00:21.267054,33.0,-1.0,-1.0,40.4375,-6.8125,-3.0
466,2023-04-15 11:00:23.311744,33.0,-1.0,-1.0,22.125,-7.5,-9.4375
467,2023-04-15 11:00:25.372034,33.0,-1.0,-1.0,283.125,-8.875,-2.25
468,2023-04-15 11:00:27.447881,33.0,-1.0,-1.0,197.5,-2.8125,1.5625
469,2023-04-15 11:00:29.514662,33.0,-1.0,-1.0,114.125,-1.375,-9.375
470,2023-04-15 11:00:31.560253,32.0,-1.0,-1.0,156.9375,-3.1875,2.125
471,2023-04-15 11:00:33.644628,33.0,-1.0,-1.0,166.625,-8.3125,-4.4375
472,2023-04-15 11:00:35.724164,32.0,-1.0,-1.0,164.375,-0.8125,2.75
473,2023-04-15 11:00:37.767654,32.0,-1.0,-1.0,346.375,4.375,2.75
474,2023-04-15 11:00:39.835263,33.0,-1.0,-1.0,266.5,-5.9375,-2.625
476,2023-04-15 11:00:41.904013,32.0,-1.0,-1.0,322.6875,-5.625,-3.4375
477,2023-04-15 11:00:43.955506,32.0,-1.0,-1.0,306.375,-5.375,-1.4375
478,2023-04-15 11:00:46.023587,32.0,-1.0,-1.0,281.5625,0.8125,-2.0
479,2023-04-15 11:00:48.079576,32.0,-1.0,-1.0,222.125,0.875,-13.375
480,2023-04-15 11:00:50.136639,32.0,-1.0,-1.0,276.4375,-4.9375,-1.9375
481,2023-04-15 11:00:52.199326,32.0,-1.0,-1.0,358.75,-6.5625,-0.1875
482,2023-04-15 11:00:54.263819,32.0,-1.0,-1.0,295.875,-2.375,-2.625
483,2023-04-15 11:00:56.318842,32.0,-1.0,-1.0,221.5,-5.75,-9.0
484,2023-04-15 11:00:58.367764,32.0,-1.0,-1.0,101.0625,-8.3125,-2.5625
485,2023-04-15 11:01:00.435407,32.0,-1.0,-1.0,11.9375,-5.0,-3.5625
486,2023-04-15 11:01:02.494346,32.0,-1.0,-1.0,10.0,-5.8125,-5.0
487,2023-04-15 11:01:04.567811,32.0,-1.0,-1.0,343.1875,-5.3125,-1.4375
488,2023-04-15 11:01:06.629493,32.0,-1.0,-1.0,267.25,-0.9375,-8.8125
489,2023-04-15 11:01:08.683326,32.0,-1.0,-1.0,157.125,-4.5,-1.625
490,2023-04-15 11:01:10.744922,32.0,-1.0,-1.0,160.5625,-11.0,-5.875
491,2023-04-15 11:01:12.806727,32.0,-1.0,-1.0,127.0625,-5.9375,-0.0625
492,2023-04-15 11:01:14.868037,32.0,-1.0,-1.0,129.875,-6.8125,7.375
493,2023-04-15 11:01:16.918783,32.0,-1.0,-1.0,14.125,-4.0625,-6.6875
494,2023-04-15 11:01:18.971790,32.0,-1.0,-1.0,112.6875,-4.1875,-18.6875
495,2023-04-15 11:01:21.019792,32.0,-1.0,-1.0,192.125,-5.625,2.3125
496,2023-04-15 11:01:23.070638,32.0,-1.0,-1.0,274.4375,-9.5,-3.0
497,2023-04-15 11:01:25.132311,32.0,-1.0,-1.0,268.0,-2.3125,-5.75
498,2023-04-15 11:01:31.319944,32.0,-1.0,-1.0,48.0625,-1.5,-4.4375
499,2023-04-15 11:01:33.383597,32.0,-1.0,-1.0,185.125,-2.0,0.5
500,2023-04-15 11:01:37.500064,32.0,-1.0,-1.0,245.125,-2.9375,-1.1875
501,2023-04-15 11:01:39.679511,32.0,-1.0,-1.0,54.1875,-4.5625,-0.375
503,2023-04-15 11:01:43.850700,32.0,-1.0,-1.0,49.0625,-12.25,2.125
504,2023-04-15 11:01:45.950660,32.0,-1.0,-1.0,32.75,-5.8125,-10.625
505,2023-04-15 11:01:48.003902,32.0,-1.0,-1.0,157.625,-4.125,-5.875
506,2023-04-15 11:01:50.053260,32.0,-1.0,-1.0,210.4375,-3.1875,-3.3125
507,2023-04-15 11:01:52.107791,32.0,-1.0,-1.0,252.0625,-7.125,-2.0625
508,2023-04-15 11:01:54.155851,32.0,-1.0,-1.0,307.0,-4.375,-5.9375
509,2023-04-15 11:01:56.213170,32.0,-1.0,-1.0,45.875,-4.0,-5.8125
510,2023-04-15 11:01:58.274691,32.0,-1.0,-1.0,91.25,-7.0625,-2.1875
511,2023-04-15 11:02:00.322161,32.0,-1.0,-1.0,172.875,-9.4375,-3.4375
512,2023-04-15 11:02:02.365814,32.0,-1.0,-1.0,202.875,-5.0,-4.0
513,2023-04-15 11:02:04.435765,32.0,-1.0,-1.0,197.125,-9.1875,-7.3125
514,2023-04-15 11:02:06.502639,32.0,-1.0,-1.0,296.125,-3.0625,-4.75
515,2023-04-15 11:02:08.545533,32.0,-1.0,-1.0,342.75,-9.125,-3.4375
516,2023-04-15 11:02:10.594419,32.0,-1.0,-1.0,31.6875,-5.4375,-5.625
517,2023-04-15 11:02:12.648063,31.0,-1.0,-1.0,103.8125,-8.0625,-1.4375
518,2023-04-15 11:02:14.715824,32.0,-1.0,-1.0,45.5625,-6.8125,-10.5
519,2023-04-15 11:02:16.790832,31.0,-1.0,-1.0,106.9375,-1.4375,5.3125
520,2023-04-15 11:02:18.840586,31.0,-1.0,-1.0,222.625,-4.875,2.125
521,2023-04-15 11:02:20.907449,31.0,-1.0,-1.0,251.25,-4.6875,-10.3125
522,2023-04-15 11:02:22.963894,31.0,-1.0,-1.0,216.25,-5.8125,2.0
523,2023-04-15 11:02:25.022693,31.0,-1.0,-1.0,359.3125,-12.6875,-3.3125
524,2023-04-15 11:02:27.115793,31.0,-1.0,-1.0,2.9375,-1.0,-9.375
525,2023-04-15 11:02:29.155339,31.0,-1.0,-1.0,163.25,-1.0625,-1.1875
526,2023-04-15 11:02:31.219774,31.0,-1.0,-1.0,276.9375,-4.3125,2.0
527,2023-04-15 11:02:33.268656,31.0,-1.0,-1.0,291.5,-7.6875,-12.0
528,2023-04-15 11:02:37.376090,31.0,-1.0,-1.0,261.75,-10.375,-5.0
529,2023-04-15 11:02:39.422657,31.0,-1.0,-1.0,332.0625,-4.5625,-6.25
530,2023-04-15 11:02:41.487593,31.0,-1.0,-1.0,7.6875,-7.4375,-2.9375
532,2023-04-15 11:02:43.534310,31.0,-1.0,-1.0,338.8125,-4.5625,-8.125
533,2023-04-15 11:02:45.600000,31.0,-1.0,-1.0,42.9375,-2.625,-1.4375
534,2023-04-15 11:02:49.728185,31.0,-1.0,-1.0,142.875,0.375,-5.8125
535,2023-04-15 11:02:51.778817,31.0,-1.0,-1.0,172.125,-9.5,-0.125
536,2023-04-15 11:02:53.831292,31.0,-1.0,-1.0,254.5,-6.0,-4.375
537,2023-04-15 11:02:55.887585,31.0,-1.0,-1.0,101.8125,4.0,-4.25
538,2023-04-15 11:02:57.960526,31.0,-1.0,-1.0,114.0,-6.375,-7.125
539,2023-04-15 11:03:00.011618,31.0,-1.0,-1.0,40.6875,-6.1875,-0.6875
540,2023-04-15 11:03:02.064326,31.0,-1.0,-1.0,316.0625,-3.75,-8.5625
541,2023-04-15 11:03:04.157813,31.0,-1.0,-1.0,13.0,-5.5,-1.5625
542,2023-04-15 11:03:06.250536,31.0,-1.0,-1.0,151.3125,-6.5,-5.625
543,2023-04-15 11:03:08.300294,31.0,-1.0,-1.0,184.0,-7.9375,-1.8125
544,2023-04-15 11:03:10.416003,31.0,-1.0,-1.0,213.1875,-1.875,-5.6875
545,2023-04-15 11:03:12.472393,31.0,-1.0,-1.0,234.25,-10.25,0.125
546,2023-04-15 11:03:14.542394,31.0,-1.0,-1.0,358.125,-9.25,-2.125
547,2023-04-15 11:03:16.591510,31.0,-1.0,-1.0,298.25,-3.0625,-5.0
548,2023-04-15 11:03:18.644118,31.0,-1.0,-1.0,249.875,-10.1875,-7.875
549,2023-04-15 11:03:20.698400,31.0,-1.0,-1.0,209.8125,-6.8125,4.625
550,2023-04-15 11:03:22.739100,31.0,-1.0,-1.0,280.9375,-8.3125,-3.5625
551,2023-04-15 11:03:24.812119,31.0,-1.0,-1.0,335.0,-5.875,-4.5
552,2023-04-15 11:03:26.863929,31.0,-1.0,-1.0,270.6875,-2.3125,-1.9375
553,2023-04-15 11:03:28.931748,31.0,-1.0,-1.0,45.875,-15.4375,5.4375
554,2023-04-15 11:03:30.999088,31.0,-1.0,-1.0,205.25,-8.3125,5.0625
555,2023-04-15 11:03:33.043585,31.0,-1.0,-1.0,171.625,-4.3125,-3.8125
556,2023-04-15 11:03:35.102679,31.0,-1.0,-1.0,223.5625,-10.5625,-1.875
557,2023-04-15 11:03:37.163052,31.0,-1.0,-1.0,210.4375,-4.4375,-8.6875
558,2023-04-15 11:03:39.213411,31.0,-1.0,-1.0,102.9375,-11.375,-7.5625
559,2023-04-15 11:03:41.287940,31.0,-1.0,-1.0,74.3125,-6.6875,-1.9375
561,2023-04-15 11:03:43.336805,31.0,-1.0,-1.0,328.8125,-3.4375,3.9375
562,2023-04-15 11:03:45.427194,31.0,-1.0,-1.0,288.25,34.5,-8.625
563,2023-04-15 11:03:47.449509,31.0,-1.0,-1.0,67.6875,3.625,3.375
564,2023-04-15 11:03:49.504139,31.0,-1.0,-1.0,63.625,-11.5,-11.4375
565,2023-04-15 11:03:51.566767,30.0,-1.0,-1.0,73.1875,0.4375,-3.5625
566,2023-04-15 11:03:53.626893,30.0,-1.0,-1.0,9.1875,-1.9375,-9.0
567,2023-04-15 11:03:55.690473,30.0,-1.0,-1.0,328.375,-13.875,-2.875
568,2023-04-15 11:03:57.753275,30.0,-1.0,-1.0,313.875,-2.875,-12.3125
569,2023-04-15 11:03:59.804655,30.0,-1.0,-1.0,46.25,-7.6875,-5.9375
570,2023-04-15 11:04:01.857072,30.0,-1.0,-1.0,67.1875,-4.625,-4.25
571,2023-04-15 11:04:03.907850,30.0,-1.0,-1.0,82.8125,-4.5,-7.625
572,2023-04-15 11:04:05.971636,30.0,-1.0,-1.0,251.375,23.25,-23.25
573,2023-04-15 11:04:08.021885,30.0,-1.0,-1.0,354.375,-3.4375,2.125
574,2023-04-15 11:04:10.115331,30.0,-1.0,-1.0,356.5625,-8.0625,-9.5625
575,2023-04-15 11:04:12.183462,30.0,-1.0,-1.0,304.8125,-9.1875,-3.375
576,2023-04-15 11:04:14.239928,30.0,-1.0,-1.0,323.8125,-7.375,-8.4375
577,2023-04-15 11:04:16.317721,30.0,-1.0,-1.0,322.3125,-7.75,-0.5625
578,2023-04-15 11:04:18.362281,30.0,-1.0,-1.0,308.125,-5.125,-6.6875
579,2023-04-15 11:04:20.415574,30.0,-1.0,-1.0,266.9375,-9.75,-7.4375
580,2023-04-15 11:04:22.462289,30.0,-1.0,-1.0,282.9375,-5.75,-1.0625
581,2023-04-15 11:04:24.520601,30.0,-1.0,-1.0,316.6875,-8.6875,-4.8125
582,2023-04-15 11:04:28.647138,30.0,-1.0,-1.0,183.5,-7.0,-4.375
583,2023-04-15 11:04:30.696679,30.0,-1.0,-1.0,246.75,-7.3125,-4.4375
584,2023-04-15 11:04:32.744686,30.0,-1.0,-1.0,281.1875,-10.25,-3.6875
585,2023-04-15 11:04:34.805139,30.0,-1.0,-1.0,291.75,-5.3125,-2.625
586,2023-04-15 11:04:36.856954,30.0,-1.0,-1.0,336.625,-11.6875,-7.625
587,2023-04-15 11:04:38.927620,30.0,-1.0,-1.0,201.6875,-10.75,-4.125
588,2023-04-15 11:04:40.986586,30.0,-1.0,-1.0,202.25,-2.25,-7.8125
590,2023-04-15 11:04:43.047763,30.0,-1.0,-1.0,224.0,-10.5,1.75
591,2023-04-15 11:04:45.097204,30.0,-1.0,-1.0,347.3125,-11.1875,-7.75
592,2023-04-15 11:04:47.168062,30.0,-1.0,-1.0,267.9375,-2.625,-3.375
593,2023-04-15 11:04:49.219799,30.0,-1.0,-1.0,30.75,7.8125,12.125
594,2023-04-15 11:04:51.272629,30.0,-1.0,-1.0,317.0,-1.0,-6.6875
595,2023-04-15 11:04:53.335853,30.0,-1.0,-1.0,299.375,-7.4375,-6.3125
596,2023-04-15 11:04:55.411747,30.0,-1.0,-1.0,323.6875,-7.5,-1.375
597,2023-04-15 11:04:57.533304,30.0,-1.0,-1.0,5.3125,-7.0625,-8.1875
598,2023-04-15 11:04:59.581043,30.0,-1.0,-1.0,311.1875,-3.4375,-3.375
599,2023-04-15 11:05:01.641297,30.0,-1.0,-1.0,211.1875,-0.875,-1.6875
600,2023-04-15 11:05:03.708416,30.0,-1.0,-1.0,47.4375,-0.75,-6.8125
601,2023-04-15 11:05:05.774444,30.0,-1.0,-1.0,7.875,-7.125,-10.5
602,2023-04-15 11:05:07.831676,30.0,-1.0,-1.0,85.0,-3.375,-3.625
603,2023-04-15 11:05:09.888302,30.0,-1.0,-1.0,200.5625,-5.75,-2.25
604,2023-04-15 11:05:11.951592,30.0,-1.0,-1.0,206.8125,-7.6875,-3.0
605,2023-04-15 11:05:13.996937,30.0,-1.0,-1.0,156.4375,-0.8125,-6.9375
606,2023-04-15 11:05:16.067936,30.0,-1.0,-1.0,161.1875,-7.0625,-0.4375
607,2023-04-15 11:05:18.119696,30.0,-1.0,-1.0,246.25,-7.0,1.0
608,2023-04-15 11:05:20.171793,30.0,-1.0,-1.0,126.0,0.8125,4.9375
609,2023-04-15 11:05:22.231279,30.0,-1.0,-1.0,195.75,-19.0625,0.75
610,2023-04-15 11:05:24.291551,30.0,-1.0,-1.0,244.3125,4.9375,-9.0625
611,2023-04-15 11:05:26.339543,30.0,-1.0,-1.0,289.5,1.875,0.75
612,2023-04-15 11:05:28.402926,30.0,-1.0,-1.0,311.375,-11.8125,-5.1875
613,2023-04-15 11:05:30.467958,30.0,-1.0,-1.0,203.5,-6.625,-3.0
614,2023-04-15 11:05:32.527201,30.0,-1.0,-1.0,207.75,-3.75,-5.9375
615,2023-04-15 11:05:34.574394,30.0,-1.0,-1.0,9.6875,-0.0625,-14.75
616,2023-04-15 11:05:36.643622,30.0,-1.0,-1.0,22.25,-9.875,-2.6875
617,2023-04-15 11:05:38.691045,30.0,-1.0,-1.0,1.5625,-6.1875,-5.125
618,2023-04-15 11:05:40.773826,30.0,-1.0,-1.0,107.625,-4.6875,-2.8125
620,2023-04-15 11:05:42.823616,30.0,-1.0,-1.0,173.0625,-10.9375,-0.4375
621,2023-04-15 11:05:44.941214,30.0,-1.0,-1.0,133.4375,0.0625,-1.625
622,2023-04-15 11:05:47.003054,30.0,-1.0,-1.0,133.125,-10.625,-2.5625
623,2023-04-15 11:05:49.051788,29.0,-1.0,-1.0,217.9375,-10.0,-8.0625
624,2023-04-15 11:05:51.103037,29.0,-1.0,-1.0,336.1875,0.5625,-16.375
625,2023-04-15 11:05:53.151148,29.0,-1.0,-1.0,120.0,-3.125,2.0
626,2023-04-15 11:05:55.215558,29.0,-1.0,-1.0,282.9375,4.625,2.625
627,2023-04-15 11:05:57.260025,29.0,-1.0,-1.0,18.8125,-32.4375,-1.25
628,2023-04-15 11:05:59.324269,29.0,-1.0,-1.0,221.4375,1.375,2.625
629,2023-04-15 11:06:01.384004,29.0,-1.0,-1.0,259.8125,-8.25,-9.6875
630,2023-04-15 11:06:03.455173,29.0,-1.0,-1.0,165.875,-7.25,0.0625
631,2023-04-15 11:07:27.924205,29.0,-1.0,-1.0,80.25,-2.75,-4.1875
632,2023-04-15 11:07:29.974695,29.0,-1.0,-1.0,21.375,-4.1875,-6.5625
633,2023-04-15 11:07:32.026912,29.0,-1.0,-1.0,117.3125,-1.125,3.1875
634,2023-04-15 11:07:34.079265,29.0,-1.0,-1.0,277.0625,1.75,-3.0625
635,2023-04-15 11:07:36.128409,29.0,-1.0,-1.0,62.4375,-7.8125,-2.0625
636,2023-04-15 11:07:38.224412,29.0,-1.0,-1.0,57.0,-11.625,-5.6875
637,2023-04-15 11:07:40.275684,29.0,-1.0,-1.0,50.0625,-5.25,-7.4375
639,2023-04-15 11:07:42.339499,29.0,-1.0,-1.0,80.5625,-4.875,-1.875
640,2023-04-15 11:07:44.404323,29.0,-1.0,-1.0,33.625,-0.625,-12.0
641,2023-04-15 11:07:46.493037,29.0,-1.0,-1.0,258.1875,4.375,-2.75
642,2023-04-15 11:07:48.543596,29.0,-1.0,-1.0,160.375,-3.625,-7.625
643,2023-04-15 11:07:50.598963,29.0,-1.0,-1.0,126.5625,-9.0625,-2.3125
644,2023-04-15 11:07:52.660248,28.0,-1.0,-1.0,92.1875,8.6875,-18.0625
645,2023-04-15 11:07:54.715882,28.0,-1.0,-1.0,162.625,0.0,0.5
646,2023-04-15 11:07:56.774916,28.0,-1.0,-1.0,212.0,-20.125,1.8125
647,2023-04-15 11:07:58.843782,28.0,-1.0,-1.0,219.0625,11.25,-3.0
648,2023-04-15 11:08:00.887433,28.0,-1.0,-1.0,284.3125,-6.0,7.5625
649,2023-04-15 11:08:04.999955,28.0,-1.0,-1.0,82.125,-4.25,-11.75
650,2023-04-15 11:08:09.123644,28.0,-1.0,-1.0,312.4375,-4.25,-0.1875
651,2023-04-15 11:08:11.183797,28.0,-1.0,-1.0,288.125,-2.1875,-9.8125
652,2023-04-15 11:08:15.303639,28.0,-1.0,-1.0,280.3125,-2.6875,-6.25
653,2023-04-15 11:08:17.369463,28.0,-1.0,-1.0,309.0625,-3.1875,-3.4375
654,2023-04-15 11:08:19.423816,28.0,-1.0,-1.0,297.125,-7.5625,-0.5625
655,2023-04-15 11:08:21.483876,28.0,-1.0,-1.0,189.4375,-0.4375,1.8125
656,2023-04-15 11:08:23.558791,28.0,-1.0,-1.0,45.0,2.0625,-7.4375
657,2023-04-15 11:08:25.607545,28.0,-1.0,-1.0,10.6875,-18.0,-9.6875
658,2023-04-15 11:08:27.674972,28.0,-1.0,-1.0,328.1875,0.375,4.3125
659,2023-04-15 11:08:29.743663,28.0,-1.0,-1.0,322.0,-5.4375,-13.4375
660,2023-04-15 11:08:31.798346,28.0,-1.0,-1.0,355.625,-4.5625,0.25
661,2023-04-15 11:08:33.843210,28.0,-1.0,-1.0,341.125,-8.5,-10.6875
662,2023-04-15 11:08:35.920179,28.0,-1.0,-1.0,267.125,-8.4375,1.5625
663,2023-04-15 11:08:37.974953,28.0,-1.0,-1.0,251.1875,5.125,-5.875
664,2023-04-15 11:08:40.047877,28.0,-1.0,-1.0,164.25,-11.125,-5.6875
665,2023-04-15 11:08:42.102673,28.0,-1.0,-1.0,157.0625,-6.0,-21.8125
667,2023-04-15 11:08:44.155214,28.0,-1.0,-1.0,155.8125,-12.6875,-5.875
668,2023-04-15 11:08:46.213751,28.0,-1.0,-1.0,163.1875,-2.75,-2.8125
669,2023-04-15 11:08:48.284010,28.0,-1.0,-1.0,243.6875,-9.0,1.75
670,2023-04-15 11:08:50.332625,28.0,-1.0,-1.0,239.4375,-3.9375,-8.625
671,2023-04-15 11:08:52.395694,28.0,-1.0,-1.0,236.5,-10.8125,-2.375
672,2023-04-15 11:08:54.463804,28.0,-1.0,-1.0,205.625,-1.6875,-3.4375
673,2023-04-15 11:08:56.551635,28.0,-1.0,-1.0,229.875,-8.5,-4.5625
674,2023-04-15 11:08:58.599785,28.0,-1.0,-1.0,269.5,-7.75,-4.75
675,2023-04-15 11:09:00.650825,28.0,-1.0,-1.0,320.625,-2.25,-11.8125
676,2023-04-15 11:09:02.714844,28.0,-1.0,-1.0,309.25,-11.1875,0.8125
677,2023-04-15 11:09:04.779201,28.0,-1.0,-1.0,308.9375,6.6875,5.625
678,2023-04-15 11:09:06.853189,28.0,-1.0,-1.0,342.75,-14.1875,-5.5
679,2023-04-15 11:09:08.899831,28.0,-1.0,-1.0,263.6875,0.75,-1.625
680,2023-04-15 11:09:10.955946,28.0,-1.0,-1.0,158.375,3.5625,-4.8125
681,2023-04-15 11:09:13.019082,28.0,-1.0,-1.0,147.6875,-11.875,-3.375
682,2023-04-15 11:09:15.068440,28.0,-1.0,-1.0,182.0,-4.0625,-5.8125
683,2023-04-15 11:09:17.131452,28.0,-1.0,-1.0,214.6875,-12.9375,-0.375
684,2023-04-15 11:09:19.182016,28.0,-1.0,-1.0,236.625,0.5625,-5.3125
685,2023-04-15 11:09:21.232532,28.0,-1.0,-1.0,258.4375,-6.4375,2.3125
686,2023-04-15 11:09:23.291661,28.0,-1.0,-1.0,330.4375,-9.125,-7.8125
687,2023-04-15 11:09:25.352952,28.0,-1.0,-1.0,289.4375,-5.125,-0.125
688,2023-04-15 11:09:27.419962,28.0,-1.0,-1.0,342.0625,-10.75,-5.125
689,2023-04-15 11:09:29.471972,28.0,-1.0,-1.0,10.875,-2.125,-3.8125
690,2023-04-15 11:09:31.564931,28.0,-1.0,-1.0,104.5,-5.1875,-1.6875
691,2023-04-15 11:09:33.636161,28.0,-1.0,-1.0,64.4375,-0.5625,-6.4375
692,2023-04-15 11:09:35.688326,28.0,-1.0,-1.0,317.25,-3.875,-4.125
693,2023-04-15 11:09:39.818937,28.0,-1.0,-1.0,237.25,-9.6875,-6.8125
694,2023-04-15 11:09:41.875969,28.0,-1.0,-1.0,257.25,-6.8125,-5.8125
696,2023-04-15 11:09:43.935867,28.0,-1.0,-1.0,245.625,-6.0,0.5625
697,2023-04-15 11:09:45.986348,28.0,-1.0,-1.0,204.25,-1.0625,-9.1875
698,2023-04-15 11:09:48.047643,28.0,-1.0,-1.0,139.0,-12.375,-5.5
699,2023-04-15 11:09:50.098722,28.0,-1.0,-1.0,136.125,-4.5625,-2.125
700,2023-04-15 11:09:52.155537,28.0,-1.0,-1.0,119.6875,-10.125,-9.1875
701,2023-04-15 11:09:54.203706,28.0,-1.0,-1.0,86.25,-8.0625,-3.75
702,2023-04-15 11:09:56.255262,28.0,-1.0,-1.0,37.6875,-0.5625,-3.5
703,2023-04-15 11:09:58.316073,28.0,-1.0,-1.0,37.5,-8.125,-6.5625
704,2023-04-15 11:10:04.488457,28.0,-1.0,-1.0,26.625,2.875,-7.5625
705,2023-04-15 11:10:06.547645,28.0,-1.0,-1.0,2.375,-7.5,-6.3125
706,2023-04-15 11:10:08.607130,28.0,-1.0,-1.0,68.875,-6.4375,-2.75
707,2023-04-15 11:10:10.679379,28.0,-1.0,-1.0,116.3125,-10.125,-7.1875
708,2023-04-15 11:10:12.730589,28.0,-1.0,-1.0,171.0625,1.6875,-6.4375
709,2023-04-15 11:10:14.783263,27.0,-1.0,-1.0,247.9375,-2.1875,2.375
710,2023-04-15 11:10:16.835719,28.0,-1.0,-1.0,281.75,-4.0,-14.375
711,2023-04-15 11:10:18.883467,28.0,-1.0,-1.0,258.3125,-0.8125,2.125
712,2023-04-15 11:10:20.940190,28.0,-1.0,-1.0,270.5625,-9.125,-12.875
713,2023-04-15 11:10:22.983582,28.0,-1.0,-1.0,275.0625,33.1875,1.75
714,2023-04-15 11:10:25.031162,27.0,-1.0,-1.0,80.75,-0.4375,27.375
715,2023-04-15 11:10:27.100515,27.0,-1.0,-1.0,59.5625,-13.4375,-14.6875
716,2023-04-15 11:10:29.156404,27.0,-1.0,-1.0,25.25,6.6875,14.3125
717,2023-04-15 11:10:31.228187,27.0,-1.0,-1.0,305.9375,31.9375,-23.0
718,2023-04-15 11:10:33.286765,27.0,-1.0,-1.0,3.9375,-12.3125,7.6875
719,2023-04-15 11:10:35.340498,27.0,-1.0,-1.0,318.8125,2.875,-10.5
720,2023-04-15 11:10:37.391255,27.0,-1.0,-1.0,266.9375,-13.875,-1.875
721,2023-04-15 11:10:39.443642,27.0,-1.0,-1.0,180.8125,-0.4375,0.1875
722,2023-04-15 11:10:41.495569,27.0,-1.0,-1.0,95.875,-7.875,-11.125
724,2023-04-15 11:10:43.549414,27.0,-1.0,-1.0,103.25,-8.25,0.4375
725,2023-04-15 11:10:45.603624,27.0,-1.0,-1.0,67.0,-3.5,-9.125
726,2023-04-15 11:10:47.657415,27.0,-1.0,-1.0,180.25,-18.5,3.5625
727,2023-04-15 11:10:49.759805,27.0,-1.0,-1.0,307.125,-8.4375,-9.125
728,2023-04-15 11:10:51.857400,27.0,-1.0,-1.0,333.9375,-5.75,-6.625
729,2023-04-15 11:10:53.919377,27.0,-1.0,-1.0,330.125,-8.6875,-1.1875
730,2023-04-15 11:10:55.971262,27.0,-1.0,-1.0,328.4375,-2.3125,-4.375
731,2023-04-15 11:10:58.032127,27.0,-1.0,-1.0,286.875,-8.25,-8.1875
732,2023-04-15 11:11:00.086522,27.0,-1.0,-1.0,271.875,-9.8125,7.3125
733,2023-04-15 11:11:02.156697,27.0,-1.0,-1.0,291.4375,-3.8125,-6.125
734,2023-04-15 11:11:04.219836,27.0,-1.0,-1.0,342.3125,-0.6875,-2.875
735,2023-04-15 11:11:06.271998,27.0,-1.0,-1.0,348.125,-8.75,-4.3125
736,2023-04-15 11:11:08.328045,27.0,-1.0,-1.0,320.6875,0.3125,-0.625
737,2023-04-15 11:11:10.398765,27.0,-1.0,-1.0,182.5625,10.75,5.75
738,2023-04-15 11:11:14.513548,27.0,-1.0,-1.0,344.8125,-11.6875,-7.625
739,2023-04-15 11:11:16.563818,27.0,-1.0,-1.0,288.375,-1.125,-4.8125
740,2023-04-15 11:11:18.658598,27.0,-1.0,-1.0,323.0625,-7.25,-2.125
741,2023-04-15 11:11:20.708348,27.0,-1.0,-1.0,196.3125,-8.875,-4.75
742,2023-04-15 11:11:22.767010,27.0,-1.0,-1.0,150.0,-7.3125,-5.6875
743,2023-04-15 11:11:24.831823,27.0,-1.0,-1.0,277.5625,-3.4375,-6.1875
744,2023-04-15 11:11:29.005661,27.0,-1.0,-1.0,60.3125,-2.0,-0.5625
745,2023-04-15 11:11:31.057459,27.0,-1.0,-1.0,259.625,5.0625,-1.0
746,2023-04-15 11:11:35.176099,27.0,-1.0,-1.0,318.3125,-2.4375,-6.4375
747,2023-04-15 11:11:37.241706,27.0,-1.0,-1.0,313.125,-8.375,-5.6875
748,2023-04-15 11:11:39.293019,27.0,-1.0,-1.0,248.5,-2.125,-4.75
749,2023-04-15 11:11:41.347149,27.0,-1.0,-1.0,200.3125,-1.5625,-7.9375
751,2023-04-15 11:11:43.399213,27.0,-1.0,-1.0,186.125,-5.9375,-3.5
752,2023-04-15 11:11:45.463630,27.0,-1.0,-1.0,194.4375,-3.9375,-2.625
753,2023-04-15 11:11:47.515973,27.0,-1.0,-1.0,145.5625,0.1875,-8.8125
754,2023-04-15 11:11:49.586434,27.0,-1.0,-1.0,143.6875,-6.5625,6.375
755,2023-04-15 11:11:51.675583,27.0,-1.0,-1.0,187.9375,-11.5625,-7.375
756,2023-04-15 11:11:53.724318,27.0,-1.0,-1.0,143.375,-3.4375,-1.25
757,2023-04-15 11:11:55.772172,27.0,-1.0,-1.0,65.75,-6.9375,-11.375
758,2023-04-15 11:11:57.832062,27.0,-1.0,-1.0,94.1875,-7.0625,-1.375
759,2023-04-15 11:11:59.883029,27.0,-1.0,-1.0,60.625,-5.75,-2.75
760,2023-04-15 11:12:01.934466,27.0,-1.0,-1.0,326.375,-2.9375,-5.0625
761,2023-04-15 11:12:03.991869,27.0,-1.0,-1.0,300.9375,-7.9375,-5.125
762,2023-04-15 11:12:06.045308,27.0,-1.0,-1.0,88.375,-1.6875,-10.625
763,2023-04-15 11:12:08.099569,27.0,-1.0,-1.0,248.4375,-3.0,-7.25
764,2023-04-15 11:12:10.167734,27.0,-1.0,-1.0,346.1875,-4.75,-0.4375
765,2023-04-15 11:12:12.218302,27.0,-1.0,-1.0,351.1875,-8.3125,-6.9375
766,2023-04-15 11:12:14.263574,27.0,-1.0,-1.0,309.5,-7.3125,0.125
767,2023-04-15 11:12:16.326630,27.0,-1.0,-1.0,335.125,-3.1875,-10.1875
768,2023-04-15 11:12:18.391909,27.0,-1.0,-1.0,234.375,-7.75,-9.75
769,2023-04-15 11:12:20.454797,27.0,-1.0,-1.0,177.1875,-8.1875,0.5
770,2023-04-15 11:12:22.513562,27.0,-1.0,-1.0,129.25,2.875,-1.6875
771,2023-04-15 11:12:24.574645,27.0,-1.0,-1.0,14.9375,-5.5,-9.4375
772,2023-04-15 11:12:26.643105,27.0,-1.0,-1.0,11.1875,-8.375,-9.125
773,2023-04-15 11:12:28.695528,27.0,-1.0,-1.0,100.4375,-2.8125,-4.6875
774,2023-04-15 11:12:30.762837,27.0,-1.0,-1.0,180.25,-5.9375,-4.125
775,2023-04-15 11:12:32.818997,27.0,-1.0,-1.0,109.5625,-3.9375,-5.625
776,2023-04-15 11:12:34.871873,27.0,-1.0,-1.0,53.4375,-9.1875,-6.0
777,2023-04-15 11:12:36.923642,27.0,-1.0,-1.0,88.25,2.3125,-6.6875
778,2023-04-15 11:12:38.991247,27.0,-1.0,-1.0,173.0625,-9.25,4.8125
779,2023-04-15 11:12:41.040158,27.0,-1.0,-1.0,294.25,-11.75,-1.4375
781,2023-04-15 11:12:43.090584,27.0,-1.0,-1.0,22.8125,0.1875,-5.125
782,2023-04-15 11:12:45.175425,27.0,-1.0,-1.0,354.1875,-8.8125,-11.375
783,2023-04-15 11:12:47.227462,27.0,-1.0,-1.0,51.5625,0.5625,-2.5625
784,2023-04-15 11:12:49.303673,27.0,-1.0,-1.0,157.9375,-7.9375,5.6875
785,2023-04-15 11:12:51.359839,27.0,-1.0,-1.0,155.625,-14.5,2.5625
786,2023-04-15 11:12:53.410746,27.0,-1.0,-1.0,248.375,6.3125,-7.8125
787,2023-04-15 11:12:55.463970,27.0,-1.0,-1.0,159.8125,-11.6875,-10.375
788,2023-04-15 11:12:57.523683,27.0,-1.0,-1.0,166.5625,-1.3125,3.0625
789,2023-04-15 11:12:59.595782,27.0,-1.0,-1.0,282.5,4.0,0.875
790,2023-04-15 11:13:01.651776,27.0,-1.0,-1.0,138.25,-2.875,-0.9375
791,2023-04-15 11:13:03.703896,27.0,-1.0,-1.0,83.3125,-4.125,-9.375
792,2023-04-15 11:13:05.767074,27.0,-1.0,-1.0,313.375,-11.25,-7.375
793,2023-04-15 11:13:07.817718,27.0,-1.0,-1.0,238.0,-0.875,-7.5625
794,2023-04-15 11:13:09.883718,26.0,-1.0,-1.0,179.6875,-2.625,3.1875
795,2023-04-15 11:13:11.971935,26.0,-1.0,-1.0,39.1875,-0.0625,-2.875
796,2023-04-15 11:13:14.016582,26.0,-1.0,-1.0,293.8125,1.25,-8.6875
797,2023-04-15 11:13:16.079956,26.0,-1.0,-1.0,196.9375,-5.8125,-10.625
798,2023-04-15 11:13:18.126570,26.0,-1.0,-1.0,267.75,-1.75,-0.875
799,2023-04-15 11:13:20.188010,26.0,-1.0,-1.0,22.5625,-10.125,0.9375
800,2023-04-15 11:13:22.241560,26.0,-1.0,-1.0,4.875,-6.1875,-11.1875
801,2023-04-15 11:13:24.299644,26.0,-1.0,-1.0,267.875,-11.125,-7.4375
802,2023-04-15 11:13:26.364213,26.0,-1.0,-1.0,232.3125,-4.0,2.4375
803,2023-04-15 11:13:28.460087,26.0,-1.0,-1.0,201.25,-6.0625,-10.8125
804,2023-04-15 11:13:30.483942,26.0,-1.0,-1.0,216.6875,-2.0625,14.3125
805,2023-04-15 11:13:32.552644,26.0,-1.0,-1.0,339.5625,-7.1875,5.375
806,2023-04-15 11:13:34.600868,26.0,-1.0,-1.0,105.375,-15.0625,-10.625
807,2023-04-15 11:13:36.668888,26.0,-1.0,-1.0,111.9375,2.4375,-4.3125
808,2023-04-15 11:13:38.743280,26.0,-1.0,-1.0,174.0625,-2.375,5.5625
809,2023-04-15 11:13:40.788142,26.0,-1.0,-1.0,297.875,-6.0625,0.5
811,2023-04-15 11:13:42.838699,26.0,-1.0,-1.0,323.0625,-7.25,-7.5625
812,2023-04-15 11:13:44.895416,26.0,-1.0,-1.0,207.25,-7.5,-3.8125
813,2023-04-15 11:13:46.962455,26.0,-1.0,-1.0,163.4375,-10.5,-5.4375
814,2023-04-15 11:13:49.035457,26.0,-1.0,-1.0,122.125,-2.375,5.25
815,2023-04-15 11:13:51.083664,26.0,-1.0,-1.0,20.875,-2.125,-13.0625
816,2023-04-15 11:13:53.143968,26.0,-1.0,-1.0,28.125,-10.125,-0.8125
817,2023-04-15 11:13:55.204761,26.0,-1.0,-1.0,144.375,-15.3125,-7.5625
818,2023-04-15 11:13:57.271658,26.0,-1.0,-1.0,212.6875,0.6875,-5.5
819,2023-04-15 11:13:59.319720,26.0,-1.0,-1.0,169.5,-12.1875,-9.3125
820,2023-04-15 11:14:01.373916,26.0,-1.0,-1.0,209.1875,4.4375,3.1875
821,2023-04-15 11:14:03.431821,26.0,-1.0,-1.0,111.375,-7.75,-16.4375
822,2023-04-15 11:14:05.497693,26.0,-1.0,-1.0,111.5,-8.9375,4.875
823,2023-04-15 11:14:07.598724,26.0,-1.0,-1.0,306.8125,5.1875,-4.0
824,2023-04-15 11:14:09.651124,26.0,-1.0,-1.0,232.3125,2.125,-5.0
825,2023-04-15 11:14:11.707516,26.0,-1.0,-1.0,64.875,-0.0625,-10.75
826,2023-04-15 11:14:13.799871,26.0,-1.0,-1.0,16.875,-2.5625,-8.0
827,2023-04-15 11:14:15.900529,26.0,-1.0,-1.0,32.625,-17.625,25.0
828,2023-04-15 11:14:17.995718,26.0,-1.0,-1.0,31.375,8.625,-49.1875
829,2023-04-15 11:14:20.060268,26.0,-1.0,-1.0,22.0,-19.5625,42.0
830,2023-04-15 11:14:22.108315,26.0,-1.0,-1.0,10.25,2.1875,-10.1875
831,2023-04-15 11:14:24.172032,26.0,-1.0,-1.0,133.375,1.125,7.5625
832,2023-04-15 11:14:26.219727,26.0,-1.0,-1.0,62.625,-5.25,-11.375
833,2023-04-15 11:14:28.277650,26.0,-1.0,-1.0,38.75,-3.5625,0.0625
834,2023-04-15 11:14:30.327826,26.0,-1.0,-1.0,297.5625,1.5,-3.625
835,2023-04-15 11:14:32.394719,26.0,-1.0,-1.0,285.125,-8.625,-6.5
836,2023-04-15 11:14:34.437443,26.0,-1.0,-1.0,41.6875,-3.0,-7.625
837,2023-04-15 11:14:36.524712,26.0,-1.0,-1.0,173.875,-4.0625,-7.625
838,2023-04-15 11:14:38.580538,26.0,-1.0,-1.0,196.8125,-2.625,-4.625
839,2023-04-15 11:14:40.670632,26.0,-1.0,-1.0,121.5625,-5.6875,2.9375
840,2023-04-15 11:14:42.760131,26.0,-1.0,-1.0,77.8125,-6.6875,1.6875
842,2023-04-15 11:14:44.776080,26.0,-1.0,-1.0,102.1875,-10.5,-0.375
843,2023-04-15 11:14:46.827303,26.0,-1.0,-1.0,76.0,2.625,-7.125
844,2023-04-15 11:14:48.888099,26.0,-1.0,-1.0,89.25,-13.5625,-2.6875
845,2023-04-15 11:14:50.935767,26.0,-1.0,-1.0,83.75,-2.6875,-9.875
846,2023-04-15 11:14:53.008403,26.0,-1.0,-1.0,148.625,0.875,-1.0625
847,2023-04-15 11:14:55.067971,26.0,-1.0,-1.0,287.1875,-3.9375,1.375
848,2023-04-15 11:14:57.123086,26.0,-1.0,-1.0,71.625,-9.5625,-1.75
849,2023-04-15 11:14:59.189221,26.0,-1.0,-1.0,42.5625,-3.1875,-6.0625
850,2023-04-15 11:15:01.251752,26.0,-1.0,-1.0,324.5,-3.75,-7.8125
851,2023-04-15 11:15:03.310939,26.0,-1.0,-1.0,98.5,-32.875,51.125
852,2023-04-15 11:15:05.363830,26.0,-1.0,-1.0,199.0625,-8.3125,-9.0
853,2023-04-15 11:15:07.428157,26.0,-1.0,-1.0,115.75,2.0,9.9375
854,2023-04-15 11:15:09.519066,26.0,-1.0,-1.0,30.4375,6.3125,-32.625
855,2023-04-15 11:15:11.576833,26.0,-1.0,-1.0,97.9375,-21.8125,56.9375
856,2023-04-15 11:15:13.676278,26.0,-1.0,-1.0,237.25,12.375,48.1875
857,2023-04-15 11:15:15.731828,26.0,-1.0,-1.0,57.0,-25.0625,-36.4375
858,2023-04-15 11:15:17.829552,26.0,-1.0,-1.0,336.1875,11.6875,-16.5625
859,2023-04-15 11:15:19.892449,26.0,-1.0,-1.0,135.4375,-49.3125,52.9375
860,2023-04-15 11:15:21.966458,26.0,-1.0,-1.0,67.0625,-4.875,-6.375
861,2023-04-15 11:15:24.016016,26.0,-1.0,-1.0,162.3125,-39.0625,80.125
862,2023-04-15 11:15:26.065715,26.0,-1.0,-1.0,302.125,-22.125,-3.875
863,2023-04-15 11:15:28.154691,26.0,-1.0,-1.0,321.4375,7.125,-8.5625
864,2023-04-15 11:15:30.198722,26.0,-1.0,-1.0,50.6875,-3.875,8.4375
865,2023-04-15 11:15:32.251526,26.0,-1.0,-1.0,353.4375,1.4375,-22.5625
866,2023-04-15 11:15:34.299055,26.0,-1.0,-1.0,351.5,-18.375,11.4375
867,2023-04-15 11:15:36.355049,26.0,-1.0,-1.0,341.125,1.9375,-4.4375
868,2023-04-15 11:15:38.425595,26.0,-1.0,-1.0,329.8125,-9.625,-1.25
869,2023-04-15 11:15:40.484518,26.0,-1.0,-1.0,339.3125,4.0,8.5
870,2023-04-15 11:15:42.535766,26.0,-1.0,-1.0,337.125,-3.3125,-26.5
872,2023-04-15 11:15:44.584041,26.0,-1.0,-1.0,317.3125,3.875,23.125
873,2023-04-15 11:15:46.671160,26.0,-1.0,-1.0,29.0,14.625,-15.9375
874,2023-04-15 11:15:48.727004,26.0,-1.0,-1.0,132.9375,29.6875,3.9375
875,2023-04-15 11:15:50.772781,26.0,-1.0,-1.0,197.0625,-8.375,20.3125
876,2023-04-15 11:15:52.876566,26.0,-1.0,-1.0,174.8125,0.25,-14.875
877,2023-04-15 11:15:56.993561,25.0,-1.0,-1.0,155.125,8.0625,-14.4375
878,2023-04-15 11:15:59.045627,25.0,-1.0,-1.0,207.125,-6.0,3.9375
879,2023-04-15 11:16:01.111695,25.0,-1.0,-1.0,10.3125,-3.875,-6.8125
880,2023-04-15 11:16:03.159994,25.0,-1.0,-1.0,115.125,0.625,0.75
881,2023-04-15 11:16:05.211446,25.0,-1.0,-1.0,151.625,-32.3125,24.3125
882,2023-04-15 11:16:09.319883,25.0,-1.0,-1.0,344.1875,5.75,-9.125
883,2023-04-15 11:16:11.375585,25.0,-1.0,-1.0,246.9375,-3.1875,-3.75
884,2023-04-15 11:16:13.442753,25.0,-1.0,-1.0,81.0,15.6875,15.4375
885,2023-04-15 11:16:15.496915,25.0,-1.0,-1.0,193.375,-4.625,78.9375
886,2023-04-15 11:16:19.630390,25.0,-1.0,-1.0,290.3125,27.25,4.3125
887,2023-04-15 11:16:21.694527,25.0,-1.0,-1.0,339.3125,-32.1875,19.125
888,2023-04-15 11:16:23.748265,25.0,-1.0,-1.0,47.1875,-68.625,76.4375
889,2023-04-15 11:16:25.799650,25.0,-1.0,-1.0,147.25,-7.5,2.5625
890,2023-04-15 11:16:27.847767,25.0,-1.0,-1.0,353.0,2.1875,-80.0
891,2023-04-15 11:16:29.911923,25.0,-1.0,-1.0,269.6875,-19.3125,-12.125
892,2023-04-15 11:16:31.965629,25.0,-1.0,-1.0,21.0625,-46.375,-92.5
893,2023-04-15 11:16:34.038749,25.0,-1.0,-1.0,75.875,5.0625,6.0
894,2023-04-15 11:16:36.106887,25.0,-1.0,-1.0,138.3125,-4.5,67.5
895,2023-04-15 11:16:38.155785,25.0,-1.0,-1.0,334.0625,10.6875,-13.25
896,2023-04-15 11:16:40.203798,25.0,-1.0,-1.0,291.375,-11.375,-39.1875
897,2023-04-15 11:16:42.267830,25.0,-1.0,-1.0,171.6875,-20.6875,10.625
899,2023-04-15 11:16:44.325409,25.0,-1.0,-1.0,73.25,-19.3125,-11.1875
900,2023-04-15 11:16:48.443670,25.0,-1.0,-1.0,232.125,40.5625,55.4375
901,2023-04-15 11:16:50.489069,25.0,-1.0,-1.0,139.0625,19.4375,-38.125
902,2023-04-15 11:16:52.555996,25.0,-1.0,-1.0,145.125,-24.9375,16.6875
903,2023-04-15 11:16:54.616043,25.0,-1.0,-1.0,229.75,8.1875,0.0
904,2023-04-15 11:16:56.672176,25.0,-1.0,-1.0,286.625,-15.625,29.9375
905,2023-04-15 11:16:58.727085,25.0,-1.0,-1.0,203.5625,74.1875,10.5625
906,2023-04-15 11:17:00.791555,25.0,-1.0,-1.0,145.8125,-73.3125,-101.375
907,2023-04-15 11:17:02.860122,25.0,-1.0,-1.0,296.8125,-54.0625,-29.3125
908,2023-04-15 11:17:04.916161,25.0,-1.0,-1.0,85.375,-32.625,-37.0625
909,2023-04-15 11:17:07.019708,25.0,-1.0,-1.0,308.75,16.5,7.75
910,2023-04-15 11:17:09.067005,25.0,-1.0,-1.0,65.5625,56.4375,11.125
911,2023-04-15 11:17:13.192209,25.0,-1.0,-1.0,339.75,-3.25,80.0
912,2023-04-15 11:17:15.243247,25.0,-1.0,-1.0,4.0,-27.25,-52.25
913,2023-04-15 11:17:17.391708,25.0,-1.0,-1.0,109.9375,-9.125,-28.5625
914,2023-04-15 11:17:19.446701,25.0,-1.0,-1.0,11.875,29.8125,-10.6875
915,2023-04-15 11:17:21.506663,25.0,-1.0,-1.0,57.9375,-41.375,63.875
916,2023-04-15 11:17:23.575880,25.0,-1.0,-1.0,13.8125,54.8125,-96.375
917,2023-04-15 11:17:25.636538,25.0,-1.0,-1.0,135.3125,69.75,35.9375
918,2023-04-15 11:17:27.684250,25.0,-1.0,-1.0,161.0625,-58.5,-7.125
919,2023-04-15 11:17:29.747780,25.0,-1.0,-1.0,137.8125,39.5625,39.0625
920,2023-04-15 11:17:31.798997,25.0,-1.0,-1.0,290.25,-21.5,46.8125
921,2023-04-15 11:17:33.863309,25.0,-1.0,-1.0,296.8125,10.0625,-11.6875
922,2023-04-15 11:17:35.916648,25.0,-1.0,-1.0,348.0,22.75,-23.0625
923,2023-04-15 11:17:40.074498,25.0,-1.0,-1.0,83.3125,17.875,-3.5625
924,2023-04-15 11:17:42.127900,25.0,-1.0,-1.0,98.8125,6.625,-0.6875
926,2023-04-15 11:17:44.186786,25.0,-1.0,-1.0,138.0625,12.75,9.5625
927,2023-04-15 11:17:46.240991,25.0,-1.0,-1.0,203.0625,27.625,20.5
928,2023-04-15 11:17:48.334564,25.0,-1.0,-1.0,297.25,10.0,5.6875
929,2023-04-15 11:17:50.379887,25.0,-1.0,-1.0,323.5,5.6875,2.625
930,2023-04-15 11:17:52.442420,25.0,-1.0,-1.0,11.75,9.375,17.375
931,2023-04-15 11:17:54.492146,25.0,-1.0,-1.0,7.0625,-11.5,-31.25
932,2023-04-15 11:17:56.543594,25.0,-1.0,-1.0,12.125,-1.3125,-6.1875
933,2023-04-15 11:17:58.617254,25.0,-1.0,-1.0,80.8125,14.4375,5.375
934,2023-04-15 11:18:00.666932,25.0,-1.0,-1.0,94.375,10.3125,5.9375
935,2023-04-15 11:18:02.731726,25.0,-1.0,-1.0,178.25,21.6875,5.75
936,2023-04-15 11:18:06.832086,25.0,-1.0,-1.0,305.25,21.625,4.8125
937,2023-04-15 11:18:08.896600,25.0,-1.0,-1.0,13.75,8.4375,8.1875
938,2023-04-15 11:18:10.964455,25.0,-1.0,-1.0,39.125,0.5625,17.875
939,2023-04-15 11:18:13.034851,25.0,-1.0,-1.0,12.875,-5.125,-31.1875
940,2023-04-15 11:18:15.093341,25.0,-1.0,-1.0,8.375,6.375,-14.4375
941,2023-04-15 11:18:17.146897,25.0,-1.0,-1.0,65.25,17.5,-9.9375
942,2023-04-15 11:18:19.243927,25.0,-1.0,-1.0,111.9375,18.4375,42.5
943,2023-04-15 11:18:23.376310,25.0,-1.0,-1.0,80.625,-3.9375,-28.0625
944,2023-04-15 11:18:25.427265,25.0,-1.0,-1.0,127.25,6.9375,-7.1875
945,2023-04-15 11:18:27.484367,25.0,-1.0,-1.0,128.125,4.3125,-3.5625
946,2023-04-15 11:18:29.545072,25.0,-1.0,-1.0,133.0625,-2.125,2.1875
947,2023-04-15 11:18:31.595679,25.0,-1.0,-1.0,133.625,-2.25,3.75
948,2023-04-15 11:18:35.699574,25.0,-1.0,-1.0,187.5625,-1.8125,8.0625
949,2023-04-15 11:18:37.747079,25.0,-1.0,-1.0,225.0625,7.6875,4.3125
950,2023-04-15 11:18:39.799525,25.0,-1.0,-1.0,245.1875,8.25,-17.875
951,2023-04-15 11:18:41.854602,25.0,-1.0,-1.0,241.4375,-4.125,-16.25
953,2023-04-15 11:18:43.920029,24.0,-1.0,-1.0,215.625,-1.0,-16.4375
954,2023-04-15 11:18:45.971707,24.0,-1.0,-1.0,188.0625,16.5625,-6.6875
955,2023-04-15 11:18:48.116119,25.0,-1.0,-1.0,251.5625,12.1875,-12.0
956,2023-04-15 11:18:50.156012,24.0,-1.0,-1.0,305.8125,12.625,-6.75
957,2023-04-15 11:18:52.224769,24.0,-1.0,-1.0,340.8125,14.25,14.0625
958,2023-04-15 11:18:54.286715,24.0,-1.0,-1.0,29.625,1.6875,8.9375
959,2023-04-15 11:18:56.340028,24.0,-1.0,-1.0,33.3125,7.6875,8.5
960,2023-04-15 11:18:58.404770,24.0,-1.0,-1.0,62.8125,-3.75,7.4375
961,2023-04-15 11:19:00.578687,24.0,-1.0,-1.0,79.5625,-7.9375,6.875
962,2023-04-15 11:19:02.627629,24.0,-1.0,-1.0,104.4375,2.8125,5.3125
963,2023-04-15 11:19:04.688068,24.0,-1.0,-1.0,170.875,22.3125,-0.625
964,2023-04-15 11:19:06.735907,24.0,-1.0,-1.0,236.625,10.4375,2.625
965,2023-04-15 11:19:08.796379,24.0,-1.0,-1.0,260.8125,3.6875,12.0
966,2023-04-15 11:19:12.916574,24.0,-1.0,-1.0,35.5625,21.3125,4.3125
967,2023-04-15 11:19:14.972366,24.0,-1.0,-1.0,52.4375,-7.125,3.125
968,2023-04-15 11:19:17.033676,24.0,-1.0,-1.0,47.9375,-22.8125,-19.125
969,2023-04-15 11:19:19.103690,24.0,-1.0,-1.0,105.5625,0.625,-2.0
970,2023-04-15 11:19:21.155518,24.0,-1.0,-1.0,224.3125,15.5625,-28.8125
971,2023-04-15 11:19:23.231803,24.0,-1.0,-1.0,291.5,3.875,-14.9375
972,2023-04-15 11:19:25.293424,24.0,-1.0,-1.0,284.625,-6.5625,14.9375
973,2023-04-15 11:19:27.350997,24.0,-1.0,-1.0,319.375,-6.625,-4.0625
974,2023-04-15 11:19:29.408057,24.0,-1.0,-1.0,297.125,-0.6875,-9.4375
975,2023-04-15 11:19:31.469005,24.0,-1.0,-1.0,283.4375,-1.1875,-10.625
976,2023-04-15 11:19:33.524035,24.0,-1.0,-1.0,240.375,2.6875,1.9375
977,2023-04-15 11:19:35.595601,24.0,-1.0,-1.0,249.5625,3.375,-10.375
978,2023-04-15 11:19:37.647549,24.0,-1.0,-1.0,229.6875,-0.75,5.25
979,2023-04-15 11:19:39.765374,24.0,-1.0,-1.0,219.875,16.875,7.5625
980,2023-04-15 11:19:41.851790,24.0,-1.0,-1.0,220.9375,-2.625,-14.0
982,2023-04-15 11:19:43.916223,24.0,-1.0,-1.0,211.125,7.375,-27.3125
983,2023-04-15 11:19:45.980584,24.0,-1.0,-1.0,200.5,-30.125,-11.125
984,2023-04-15 11:19:48.035630,24.0,-1.0,-1.0,276.125,20.0,-23.75
985,2023-04-15 11:19:50.084301,24.0,-1.0,-1.0,334.625,27.125,19.375
986,2023-04-15 11:19:52.156220,24.0,-1.0,-1.0,351.5625,-9.5,-7.6875
987,2023-04-15 11:19:54.211443,24.0,-1.0,-1.0,59.0,19.6875,-5.0625
988,2023-04-15 11:19:56.266668,24.0,-1.0,-1.0,77.5625,-5.3125,-1.375
989,2023-04-15 11:19:58.323851,24.0,-1.0,-1.0,93.1875,-1.1875,7.1875
990,2023-04-15 11:20:00.386644,24.0,-1.0,-1.0,113.75,-2.8125,13.6875
991,2023-04-15 11:20:02.436041,24.0,-1.0,-1.0,98.875,-18.0,-3.5625
992,2023-04-15 11:20:04.498652,24.0,-1.0,-1.0,130.875,21.25,-3.625
993,2023-04-15 11:20:06.564159,24.0,-1.0,-1.0,171.625,6.0625,1.25
994,2023-04-15 11:20:08.625293,24.0,-1.0,-1.0,235.1875,13.6875,23.625
995,2023-04-15 11:20:10.673282,24.0,-1.0,-1.0,351.0625,-0.8125,13.8125
997,2023-04-15 11:20:12.741803,24.0,-1.0,-1.0,22.0,-11.625,2.6875
998,2023-04-15 11:20:14.795437,24.0,-1.0,-1.0,27.5625,-5.8125,9.9375
999,2023-04-15 11:20:16.855948,24.0,-1.0,-1.0,52.375,0.4375,-6.4375
1000,2023-04-15 11:20:18.925289,24.0,-1.0,-1.0,69.3125,0.8125,1.625
1001,2023-04-15 11:20:20.987526,24.0,-1.0,-1.0,92.1875,2.125,-4.0625
1002,2023-04-15 11:20:23.043247,24.0,-1.0,-1.0,120.8125,4.75,4.6875
1003,2023-04-15 11:20:25.092499,24.0,-1.0,-1.0,128.875,2.3125,-4.625
1004,2023-04-15 11:20:27.147886,24.0,-1.0,-1.0,178.8125,2.875,13.0
1005,2023-04-15 11:20:31.263655,24.0,-1.0,-1.0,340.0625,-4.0625,7.625
1006,2023-04-15 11:20:33.303598,24.0,-1.0,-1.0,53.5625,9.625,0.5
1007,2023-04-15 11:20:35.366335,24.0,-1.0,-1.0,102.375,3.625,3.5625
1008,2023-04-15 11:20:37.431561,24.0,-1.0,-1.0,81.75,1.9375,-7.875
1009,2023-04-15 11:20:39.475386,24.0,-1.0,-1.0,117.125,3.0625,1.8125
1010,2023-04-15 11:20:41.536660,24.0,-1.0,-1.0,160.5,-5.3125,-3.875
1012,2023-04-15 11:20:43.591313,24.0,-1.0,-1.0,251.4375,6.75,-11.4375
1013,2023-04-15 11:20:45.656013,24.0,-1.0,-1.0,284.0625,2.4375,22.6875
1014,2023-04-15 11:20:47.705791,24.0,-1.0,-1.0,324.0,-2.875,-24.0625
1015,2023-04-15 11:20:49.753217,24.0,-1.0,-1.0,264.75,1.875,-9.5625
1016,2023-04-15 11:20:53.917769,24.0,-1.0,-1.0,337.1875,5.0,-0.875
1017,2023-04-15 11:20:55.958444,24.0,-1.0,-1.0,52.5625,-2.8125,3.6875
1018,2023-04-15 11:20:58.012621,24.0,-1.0,-1.0,80.5,-5.5,-0.4375
1019,2023-04-15 11:21:00.063958,24.0,-1.0,-1.0,112.5,7.8125,5.125
1020,2023-04-15 11:21:02.147434,24.0,-1.0,-1.0,130.5,2.75,3.875
1021,2023-04-15 11:21:04.206581,24.0,-1.0,-1.0,172.3125,5.9375,5.4375
1022,2023-04-15 11:21:06.255870,24.0,-1.0,-1.0,216.5,-6.4375,-1.3125
1023,2023-04-15 11:21:10.363542,24.0,-1.0,-1.0,11.875,8.125,5.1875
1024,2023-04-15 11:21:12.419396,24.0,-1.0,-1.0,22.375,-5.1875,1.625
1025,2023-04-15 11:21:14.467696,24.0,-1.0,-1.0,5.6875,-19.8125,6.125
1026,2023-04-15 11:21:16.515782,24.0,-1.0,-1.0,11.0,-2.625,4.875
1027,2023-04-15 11:21:20.627796,24.0,-1.0,-1.0,59.9375,-0.75,-8.75
1028,2023-04-15 11:21:22.678826,24.0,-1.0,-1.0,35.125,4.375,-6.9375
1029,2023-04-15 11:21:24.737352,24.0,-1.0,-1.0,120.625,7.1875,-7.5625
1030,2023-04-15 11:21:26.787099,24.0,-1.0,-1.0,151.5625,7.5625,5.5
1031,2023-04-15 11:21:28.837376,24.0,-1.0,-1.0,172.6875,-6.4375,-11.8125
1032,2023-04-15 11:21:30.900431,24.0,-1.0,-1.0,269.875,8.5625,-23.375
1033,2023-04-15 11:21:32.967803,24.0,-1.0,-1.0,260.4375,-21.375,18.875
1034,2023-04-15 11:21:35.037765,24.0,-1.0,-1.0,268.0,6.3125,5.0
1035,2023-04-15 11:21:37.096334,24.0,-1.0,-1.0,243.5,-1.375,-22.1875
1036,2023-04-15 11:21:39.152506,24.0,-1.0,-1.0,220.3125,-3.6875,-3.375
1037,2023-04-15 11:21:43.299943,24.0,-1.0,-1.0,223.0,-5.0,-3.375
1039,2023-04-15 11:21:45.334693,24.0,-1.0,-1.0,211.1875,-2.875,-2.0625
1040,2023-04-15 11:21:47.391653,24.0,-1.0,-1.0,189.9375,3.8125,0.0625
1041,2023-04-15 11:21:49.452040,24.0,-1.0,-1.0,141.8125,-1.3125,-16.875
1042,2023-04-15 11:21:51.502508,24.0,-1.0,-1.0,183.6875,4.6875,-10.1875
1043,2023-04-15 11:21:53.563583,24.0,-1.0,-1.0,204.1875,-18.375,-9.8125
1044,2023-04-15 11:21:55.614593,23.0,-1.0,-1.0,280.5625,-3.5625,-1.625
1045,2023-04-15 11:21:57.670771,24.0,-1.0,-1.0,276.6875,3.75,-0.5
1046,2023-04-15 11:21:59.726743,23.0,-1.0,-1.0,249.5625,-3.9375,0.625
1047,2023-04-15 11:22:01.781377,23.0,-1.0,-1.0,265.125,-1.375,-10.125
1048,2023-04-15 11:22:03.854648,23.0,-1.0,-1.0,280.9375,-2.25,-7.0
1049,2023-04-15 11:22:05.908227,23.0,-1.0,-1.0,292.0625,0.375,-9.125
1050,2023-04-15 11:22:07.960083,23.0,-1.0,-1.0,276.375,-5.25,5.3125
1051,2023-04-15 11:22:10.035503,23.0,-1.0,-1.0,299.875,13.9375,-2.25
1052,2023-04-15 11:22:12.084878,23.0,-1.0,-1.0,318.625,-14.0,-5.0
1053,2023-04-15 11:22:16.248075,23.0,-1.0,-1.0,292.0,-9.125,17.5
1054,2023-04-15 11:22:18.314437,23.0,-1.0,-1.0,288.1875,1.25,1.125
1055,2023-04-15 11:22:20.379694,23.0,-1.0,-1.0,331.0625,-9.3125,-0.8125
1056,2023-04-15 11:22:22.467431,23.0,-1.0,-1.0,353.5625,-11.0,7.0
1057,2023-04-15 11:22:24.536288,23.0,-1.0,-1.0,354.0625,-5.8125,1.1875
1058,2023-04-15 11:22:26.587680,23.0,-1.0,-1.0,1.5625,2.5,-15.25
1059,2023-04-15 11:22:28.651583,23.0,-1.0,-1.0,10.875,-3.125,-6.0625
1060,2023-04-15 11:22:30.727711,23.0,-1.0,-1.0,79.625,0.875,-3.375
1061,2023-04-15 11:22:32.779760,23.0,-1.0,-1.0,93.0625,-16.9375,-1.25
1062,2023-04-15 11:22:34.846525,23.0,-1.0,-1.0,143.3125,-5.375,-15.3125
1063,2023-04-15 11:22:36.903095,23.0,-1.0,-1.0,186.125,-2.9375,8.5625
1064,2023-04-15 11:22:41.005007,23.0,-1.0,-1.0,182.0,2.5625,1.625
1066,2023-04-15 11:22:45.143813,23.0,-1.0,-1.0,170.25,-10.5,-2.0
1067,2023-04-15 11:22:47.191700,23.0,-1.0,-1.0,296.9375,-6.9375,0.3125
1068,2023-04-15 11:22:49.254777,23.0,-1.0,-1.0,329.5625,-22.0625,-4.5
1069,2023-04-15 11:22:51.356268,23.0,-1.0,-1.0,31.875,-19.0,-29.625
1070,2023-04-15 11:22:53.416024,23.0,-1.0,-1.0,34.25,-5.5,-4.375
1071,2023-04-15 11:22:57.540145,23.0,-1.0,-1.0,59.6875,0.5625,-12.4375
1072,2023-04-15 11:22:59.624854,23.0,-1.0,-1.0,63.625,1.625,-4.0625
1073,2023-04-15 11:23:01.677923,23.0,-1.0,-1.0,71.5625,-10.6875,-2.3125
1074,2023-04-15 11:23:03.741007,23.0,-1.0,-1.0,88.125,4.9375,-9.8125
1075,2023-04-15 11:23:05.796578,23.0,-1.0,-1.0,127.625,-7.125,2.0625
1076,2023-04-15 11:23:07.843497,23.0,-1.0,-1.0,170.0,-9.875,1.8125
1077,2023-04-15 11:23:09.911974,23.0,-1.0,-1.0,202.1875,-9.75,-5.0
1078,2023-04-15 11:23:11.975684,23.0,-1.0,-1.0,215.5,0.1875,3.5625
1079,2023-04-15 11:23:14.064412,23.0,-1.0,-1.0,258.3125,-4.75,-1.625
1080,2023-04-15 11:23:18.168142,23.0,-1.0,-1.0,285.25,3.8125,4.75
1081,2023-04-15 11:23:20.216929,23.0,-1.0,-1.0,284.5,-3.625,6.0625
1082,2023-04-15 11:23:22.264164,23.0,-1.0,-1.0,289.4375,-4.125,-2.0625
1083,2023-04-15 11:23:24.351878,23.0,-1.0,-1.0,313.125,-8.9375,-7.8125
1084,2023-04-15 11:23:26.411472,23.0,-1.0,-1.0,302.875,-8.5,-5.0
1085,2023-04-15 11:23:28.460380,23.0,-1.0,-1.0,334.25,0.6875,-2.9375
1086,2023-04-15 11:23:30.562976,23.0,-1.0,-1.0,351.625,2.3125,11.0625
1087,2023-04-15 11:23:32.619929,23.0,-1.0,-1.0,40.8125,-5.25,3.0625
1088,2023-04-15 11:23:34.671031,23.0,-1.0,-1.0,47.0625,-13.625,-24.125
1089,2023-04-15 11:23:36.719758,23.0,-1.0,-1.0,324.5625,12.25,-6.0625
1090,2023-04-15 11:23:38.786704,23.0,-1.0,-1.0,314.0625,-3.9375,2.25
1091,2023-04-15 11:23:40.834593,23.0,-1.0,-1.0,271.625,8.8125,-21.875
1092,2023-04-15 11:23:42.890002,23.0,-1.0,-1.0,240.375,5.25,-10.6875
1094,2023-04-15 11:23:47.015695,23.0,-1.0,-1.0,334.5625,-1.1875,16.5625
1095,2023-04-15 11:23:49.084807,23.0,-1.0,-1.0,40.125,-9.375,-1.125
1096,2023-04-15 11:23:53.197405,23.0,-1.0,-1.0,125.625,-4.3125,5.875
1097,2023-04-15 11:23:57.295513,23.0,-1.0,-1.0,104.3125,-1.9375,-3.6875
1098,2023-04-15 11:23:59.344135,23.0,-1.0,-1.0,90.25,-0.1875,-29.875
1099,2023-04-15 11:24:01.408821,23.0,-1.0,-1.0,7.375,3.3125,-13.5625
1100,2023-04-15 11:24:03.481018,23.0,-1.0,-1.0,26.5625,2.25,11.6875
1101,2023-04-15 11:24:05.543089,23.0,-1.0,-1.0,35.875,-1.0,-21.375
1102,2023-04-15 11:24:07.608535,23.0,-1.0,-1.0,35.8125,1.9375,-0.875
1103,2023-04-15 11:24:09.670529,23.0,-1.0,-1.0,65.8125,3.625,-0.1875
1104,2023-04-15 11:24:11.742893,23.0,-1.0,-1.0,96.0625,-1.6875,-8.6875
1105,2023-04-15 11:24:13.800006,23.0,-1.0,-1.0,118.6875,-3.6875,1.375
1106,2023-04-15 11:24:15.871694,23.0,-1.0,-1.0,143.5625,3.4375,1.1875
1107,2023-04-15 11:24:17.935893,23.0,-1.0,-1.0,188.375,6.5625,-1.0625
1108,2023-04-15 11:24:19.995835,23.0,-1.0,-1.0,285.25,-4.375,-4.4375
1109,2023-04-15 11:24:22.051167,23.0,-1.0,-1.0,276.0625,-17.4375,-12.5
1110,2023-04-15 11:24:24.106332,23.0,-1.0,-1.0,278.5625,13.125,2.625
1111,2023-04-15 11:24:26.168153,23.0,-1.0,-1.0,355.875,8.5625,-2.0625
1112,2023-04-15 11:24:28.235832,23.0,-1.0,-1.0,29.8125,-5.0,-5.75
1113,2023-04-15 11:24:30.287746,23.0,-1.0,-1.0,5.4375,0.3125,-4.8125
1114,2023-04-15 11:24:32.354433,23.0,-1.0,-1.0,85.1875,23.9375,-5.0
1115,2023-04-15 11:24:34.424014,23.0,-1.0,-1.0,78.875,-10.1875,-12.375
1116,2023-04-15 11:24:36.480394,23.0,-1.0,-1.0,85.625,-13.1875,-11.0625
1117,2023-04-15 11:24:38.524901,23.0,-1.0,-1.0,115.0,0.9375,5.625
1119,2023-04-15 11:24:44.712439,23.0,-1.0,-1.0,151.25,-12.4375,-11.5
1120,2023-04-15 11:24:46.780059,23.0,-1.0,-1.0,197.3125,4.5,-8.6875
1121,2023-04-15 11:24:48.839919,23.0,-1.0,-1.0,155.5,2.9375,-9.5
1122,2023-04-15 11:24:50.899557,23.0,-1.0,-1.0,217.3125,5.4375,-7.0
1123,2023-04-15 11:24:52.947898,22.0,-1.0,-1.0,245.5,-5.8125,-5.1875
1124,2023-04-15 11:24:55.016226,23.0,-1.0,-1.0,257.9375,1.9375,-4.1875
1125,2023-04-15 11:24:57.073132,23.0,-1.0,-1.0,327.9375,2.1875,-1.0
1126,2023-04-15 11:24:59.143398,23.0,-1.0,-1.0,10.9375,-8.1875,0.8125
1127,2023-04-15 11:25:01.191796,23.0,-1.0,-1.0,9.9375,4.4375,-5.4375
1128,2023-04-15 11:25:03.248007,22.0,-1.0,-1.0,48.3125,1.25,-2.625
1129,2023-04-15 11:25:05.298038,22.0,-1.0,-1.0,67.375,8.8125,-11.125
1130,2023-04-15 11:25:07.350511,22.0,-1.0,-1.0,111.5625,-0.375,-3.5625
1131,2023-04-15 11:25:09.415967,22.0,-1.0,-1.0,110.75,-8.5625,-11.9375
1132,2023-04-15 11:25:11.475777,22.0,-1.0,-1.0,148.875,6.75,-5.1875
1133,2023-04-15 11:25:15.581076,22.0,-1.0,-1.0,174.375,6.6875,-5.125
1134,2023-04-15 11:25:17.643249,22.0,-1.0,-1.0,145.5,9.4375,-16.625
1135,2023-04-15 11:25:21.767634,22.0,-1.0,-1.0,205.3125,2.625,2.0625
1136,2023-04-15 11:25:23.833957,22.0,-1.0,-1.0,289.25,5.8125,-6.125
1137,2023-04-15 11:25:25.896388,22.0,-1.0,-1.0,310.625,-2.3125,-0.125
1138,2023-04-15 11:25:27.949262,22.0,-1.0,-1.0,324.1875,-1.3125,-0.25
1139,2023-04-15 11:25:30.007633,22.0,-1.0,-1.0,329.0,2.375,-3.875
1140,2023-04-15 11:25:32.066599,22.0,-1.0,-1.0,351.5625,5.1875,-3.0
1141,2023-04-15 11:25:36.178202,22.0,-1.0,-1.0,45.625,4.0625,-6.75
1142,2023-04-15 11:25:38.239572,22.0,-1.0,-1.0,88.625,3.75,0.9375
1143,2023-04-15 11:25:40.294960,22.0,-1.0,-1.0,70.9375,-6.75,-1.875
1144,2023-04-15 11:25:42.359643,22.0,-1.0,-1.0,91.8125,2.75,-6.8125
1146,2023-04-15 11:25:44.420202,22.0,-1.0,-1.0,105.375,6.75,-5.8125
1147,2023-04-15 11:25:46.469410,22.0,-1.0,-1.0,145.625,6.6875,1.0
1148,2023-04-15 11:25:48.540224,22.0,-1.0,-1.0,165.6875,-0.3125,-4.625
1149,2023-04-15 11:25:50.600373,22.0,-1.0,-1.0,232.375,2.1875,-13.125
1150,2023-04-15 11:25:52.678523,22.0,-1.0,-1.0,246.5625,-1.25,-2.1875
1151,2023-04-15 11:25:54.727718,22.0,-1.0,-1.0,4.9375,-5.8125,-1.5
1152,2023-04-15 11:25:56.793135,22.0,-1.0,-1.0,9.5,0.25,-16.8125
1153,2023-04-15 11:25:58.885372,22.0,-1.0,-1.0,326.375,0.1875,-11.3125
1154,2023-04-15 11:26:05.059400,22.0,-1.0,-1.0,32.5625,11.0625,-12.3125
1155,2023-04-15 11:26:07.107516,22.0,-1.0,-1.0,2.5625,0.9375,-4.5625
1156,2023-04-15 11:26:09.171317,22.0,-1.0,-1.0,341.875,0.3125,-3.9375
1157,2023-04-15 11:26:11.243890,22.0,-1.0,-1.0,40.75,8.6875,-3.3125
1158,2023-04-15 11:26:13.311751,22.0,-1.0,-1.0,68.375,-3.9375,-13.8125
1159,2023-04-15 11:26:17.411558,22.0,-1.0,-1.0,105.375,6.0,-9.0625
1160,2023-04-15 11:26:19.480015,22.0,-1.0,-1.0,106.125,8.0,-9.9375
1161,2023-04-15 11:26:21.536056,22.0,-1.0,-1.0,135.8125,-14.25,-17.375
1162,2023-04-15 11:26:23.587585,22.0,-1.0,-1.0,243.0625,9.5625,-10.1875
1163,2023-04-15 11:26:25.648057,22.0,-1.0,-1.0,277.8125,-5.25,3.3125
1164,2023-04-15 11:26:27.714813,22.0,-1.0,-1.0,317.4375,-3.75,-1.0625
1165,2023-04-15 11:26:29.760514,22.0,-1.0,-1.0,293.4375,-9.625,-1.5625
1166,2023-04-15 11:26:31.827976,22.0,-1.0,-1.0,269.5625,-0.0625,-9.4375
1167,2023-04-15 11:26:33.874837,22.0,-1.0,-1.0,291.375,5.0,-2.0625
1168,2023-04-15 11:26:37.988637,22.0,-1.0,-1.0,289.0,-8.0625,3.6875
1169,2023-04-15 11:26:40.056009,22.0,-1.0,-1.0,344.5625,-3.0625,-10.8125
1170,2023-04-15 11:26:42.172387,22.0,-1.0,-1.0,0.1875,-2.5625,2.6875
1172,2023-04-15 11:26:44.239475,22.0,-1.0,-1.0,3.75,-5.1875,3.5625
1173,2023-04-15 11:26:46.291921,22.0,-1.0,-1.0,358.3125,-2.5,-11.125
1174,2023-04-15 11:26:48.363716,22.0,-1.0,-1.0,38.0,1.1875,-1.375
1175,2023-04-15 11:26:50.444258,22.0,-1.0,-1.0,35.875,-3.4375,1.625
1176,2023-04-15 11:26:52.495830,22.0,-1.0,-1.0,79.625,2.0625,-3.5625
1177,2023-04-15 11:26:56.619674,22.0,-1.0,-1.0,71.9375,-2.625,1.4375
1178,2023-04-15 11:26:58.670540,22.0,-1.0,-1.0,49.8125,5.625,-7.375
1179,2023-04-15 11:27:00.732924,22.0,-1.0,-1.0,71.4375,3.0625,3.875
1180,2023-04-15 11:27:02.791420,22.0,-1.0,-1.0,2.0625,10.75,-0.5
1181,2023-04-15 11:27:13.095621,22.0,-1.0,-1.0,17.0,-6.625,-1.0625
1182,2023-04-15 11:27:15.159626,22.0,-1.0,-1.0,358.875,-0.375,-5.1875
1183,2023-04-15 11:27:17.211137,22.0,-1.0,-1.0,39.125,-7.5,-1.875
1184,2023-04-15 11:27:19.263885,22.0,-1.0,-1.0,52.3125,-5.9375,-5.9375
1185,2023-04-15 11:27:21.361262,22.0,-1.0,-1.0,51.75,1.5625,2.8125
1186,2023-04-15 11:27:23.425664,22.0,-1.0,-1.0,57.75,-8.3125,-7.0
1187,2023-04-15 11:27:25.482780,22.0,-1.0,-1.0,103.3125,2.375,-7.75
1188,2023-04-15 11:27:27.535694,22.0,-1.0,-1.0,126.25,2.1875,-14.0
1189,2023-04-15 11:27:29.591724,22.0,-1.0,-1.0,170.9375,15.0625,-4.6875
1190,2023-04-15 11:27:31.648208,22.0,-1.0,-1.0,199.8125,2.9375,-2.8125
1191,2023-04-15 11:27:33.756050,22.0,-1.0,-1.0,220.0,-6.625,-4.625
1192,2023-04-15 11:27:37.871468,22.0,-1.0,-1.0,300.625,-0.25,-16.6875
1193,2023-04-15 11:27:39.934270,22.0,-1.0,-1.0,276.25,9.0625,-9.625
1194,2023-04-15 11:27:41.994349,21.0,-1.0,-1.0,299.25,9.25,0.0
1196,2023-04-15 11:27:44.051661,21.0,-1.0,-1.0,9.1875,-1.625,-8.0
1197,2023-04-15 11:27:46.107906,21.0,-1.0,-1.0,41.0625,-9.0625,-4.625
1198,2023-04-15 11:27:48.173071,21.0,-1.0,-1.0,82.125,4.6875,-12.4375
1199,2023-04-15 11:27:50.244209,21.0,-1.0,-1.0,115.4375,3.125,1.0
1200,2023-04-15 11:27:52.298962,21.0,-1.0,-1.0,145.625,1.375,-2.75
1201,2023-04-15 11:27:54.360318,21.0,-1.0,-1.0,143.375,-5.125,-11.25
1202,2023-04-15 11:27:56.422667,21.0,-1.0,-1.0,154.6875,0.4375,-1.75
1203,2023-04-15 11:27:58.473588,21.0,-1.0,-1.0,171.9375,4.1875,-5.5
1204,2023-04-15 11:28:00.527726,21.0,-1.0,-1.0,126.9375,-0.5625,-15.4375
1205,2023-04-15 11:28:02.591826,21.0,-1.0,-1.0,104.5,8.9375,-5.5625
1206,2023-04-15 11:28:04.646558,21.0,-1.0,-1.0,150.9375,14.8125,-8.9375
1207,2023-04-15 11:28:06.693962,21.0,-1.0,-1.0,146.125,-1.5,-11.25
1208,2023-04-15 11:28:08.747941,21.0,-1.0,-1.0,197.625,14.9375,-4.4375
1209,2023-04-15 11:28:10.811994,21.0,-1.0,-1.0,177.6875,-2.4375,2.1875
1210,2023-04-15 11:28:12.871926,21.0,-1.0,-1.0,246.5625,-5.25,-4.25
1211,2023-04-15 11:28:14.939938,21.0,-1.0,-1.0,318.5,11.875,-6.5625
1212,2023-04-15 11:28:16.992125,21.0,-1.0,-1.0,6.0625,-7.0625,-5.6875
1213,2023-04-15 11:28:21.103761,21.0,-1.0,-1.0,0.6875,-2.1875,-11.1875
1214,2023-04-15 11:28:23.148079,21.0,-1.0,-1.0,330.6875,12.0625,-11.6875
1215,2023-04-15 11:28:27.262538,21.0,-1.0,-1.0,31.625,3.9375,-5.8125
1216,2023-04-15 11:28:29.316526,21.0,-1.0,-1.0,70.625,-6.125,-1.3125
1217,2023-04-15 11:28:31.383804,21.0,-1.0,-1.0,66.0625,5.0,-10.0
1218,2023-04-15 11:28:33.434499,21.0,-1.0,-1.0,95.375,-1.3125,4.1875
1219,2023-04-15 11:28:35.498188,21.0,-1.0,-1.0,99.875,-6.125,-14.375
1220,2023-04-15 11:28:37.551397,21.0,-1.0,-1.0,97.8125,7.125,-6.8125
1221,2023-04-15 11:28:39.605162,21.0,-1.0,-1.0,119.125,5.5,-7.4375
1222,2023-04-15 11:28:41.668151,21.0,-1.0,-1.0,147.0,-4.625,-0.9375
1223,2023-04-15 11:28:43.742295,21.0,-1.0,-1.0,149.0625,1.1875,0.5625
1225,2023-04-15 11:28:45.799720,21.0,-1.0,-1.0,180.375,7.5625,-7.1875
1226,2023-04-15 11:28:47.848009,21.0,-1.0,-1.0,206.375,0.125,-11.4375
1227,2023-04-15 11:28:49.908275,21.0,-1.0,-1.0,148.125,3.5,2.125
1228,2023-04-15 11:28:51.966682,21.0,-1.0,-1.0,154.25,8.4375,-17.5625
1229,2023-04-15 11:28:54.067209,21.0,-1.0,-1.0,177.3125,8.3125,2.0
1230,2023-04-15 11:28:56.119453,21.0,-1.0,-1.0,227.875,-1.1875,-0.8125
1231,2023-04-15 11:29:00.219936,21.0,-1.0,-1.0,286.0625,7.4375,1.4375
1232,2023-04-15 11:29:02.305976,21.0,-1.0,-1.0,318.1875,4.9375,-7.3125
1233,2023-04-15 11:29:06.427428,21.0,-1.0,-1.0,24.0,3.625,-8.0625
1234,2023-04-15 11:29:08.473244,21.0,-1.0,-1.0,38.25,6.4375,-3.6875
1235,2023-04-15 11:29:10.544465,21.0,-1.0,-1.0,94.625,-0.3125,-6.125
1236,2023-04-15 11:29:12.606282,21.0,-1.0,-1.0,99.3125,0.75,-6.625
1237,2023-04-15 11:29:14.656143,21.0,-1.0,-1.0,108.125,3.6875,-15.5
1238,2023-04-15 11:29:16.708064,21.0,-1.0,-1.0,138.375,11.0625,2.4375
1239,2023-04-15 11:29:18.760039,21.0,-1.0,-1.0,160.6875,-1.3125,-7.0625
1240,2023-04-15 11:29:20.811767,21.0,-1.0,-1.0,189.125,-6.875,-5.0625
1241,2023-04-15 11:29:24.940254,21.0,-1.0,-1.0,223.375,3.5,-11.9375
1242,2023-04-15 11:29:26.993305,21.0,-1.0,-1.0,228.375,0.625,-10.125
1243,2023-04-15 11:29:29.055927,21.0,-1.0,-1.0,196.5,-3.0,-2.1875
1244,2023-04-15 11:29:31.119265,21.0,-1.0,-1.0,215.5625,11.1875,-12.25
1245,2023-04-15 11:29:33.186890,21.0,-1.0,-1.0,238.4375,2.5625,-4.0
1246,2023-04-15 11:29:35.240013,21.0,-1.0,-1.0,259.0,2.0625,-3.125
1247,2023-04-15 11:29:37.303934,21.0,-1.0,-1.0,327.0625,12.125,-5.1875
1248,2023-04-15 11:29:39.368197,21.0,-1.0,-1.0,313.5625,-4.625,-8.375
1249,2023-04-15 11:29:41.420652,21.0,-1.0,-1.0,319.3125,-0.9375,-1.875
1250,2023-04-15 11:29:43.486390,21.0,-1.0,-1.0,321.9375,11.25,-6.5
1252,2023-04-15 11:29:45.550513,20.0,-1.0,-1.0,313.5625,-0.5625,-12.875
1253,2023-04-15 11:29:47.599071,20.0,-1.0,-1.0,306.375,3.3125,-6.125
1254,2023-04-15 11:29:49.690600,21.0,-1.0,-1.0,5.1875,6.3125,-5.125
1255,2023-04-15 11:29:51.744156,20.0,-1.0,-1.0,51.375,3.5625,0.4375
1256,2023-04-15 11:29:53.807816,20.0,-1.0,-1.0,357.625,5.1875,-14.75
1257,2023-04-15 11:29:55.859953,20.0,-1.0,-1.0,44.6875,-4.25,2.375
1258,2023-04-15 11:29:57.923453,20.0,-1.0,-1.0,89.8125,13.625,-8.75
1259,2023-04-15 11:29:59.999385,20.0,-1.0,-1.0,137.0,12.9375,2.8125
1260,2023-04-15 11:30:02.059944,20.0,-1.0,-1.0,192.6875,-3.0625,4.125
1261,2023-04-15 11:30:04.111935,20.0,-1.0,-1.0,258.875,7.5,-5.25
1262,2023-04-15 11:30:06.177906,20.0,-1.0,-1.0,325.75,-3.8125,-2.25
1263,2023-04-15 11:30:08.231997,20.0,-1.0,-1.0,339.8125,5.875,-12.8125
1264,2023-04-15 11:30:10.282270,20.0,-1.0,-1.0,315.5625,8.9375,-16.5625
1265,2023-04-15 11:30:12.340006,20.0,-1.0,-1.0,321.5,11.1875,1.125
1266,2023-04-15 11:30:14.405930,20.0,-1.0,-1.0,41.5625,-4.5,1.0
1267,2023-04-15 11:30:16.469318,20.0,-1.0,-1.0,114.1875,2.5,-10.8125
1268,2023-04-15 11:30:18.512725,20.0,-1.0,-1.0,152.1875,4.5625,-3.5
1269,2023-04-15 11:30:20.562832,20.0,-1.0,-1.0,166.4375,0.0,2.4375
1270,2023-04-15 11:30:22.628224,20.0,-1.0,-1.0,193.5625,2.0625,-0.0625
1271,2023-04-15 11:30:24.683328,20.0,-1.0,-1.0,297.625,-5.1875,-8.6875
1272,2023-04-15 11:30:26.744317,20.0,-1.0,-1.0,338.5625,12.375,-6.9375
1273,2023-04-15 11:30:28.808330,20.0,-1.0,-1.0,37.6875,-1.4375,-3.0625
1274,2023-04-15 11:30:30.898832,20.0,-1.0,-1.0,32.9375,0.1875,-5.3125
1275,2023-04-15 11:30:32.971997,20.0,-1.0,-1.0,65.75,3.1875,-3.1875
1276,2023-04-15 11:30:35.036683,20.0,-1.0,-1.0,81.875,5.5,-9.875
1277,2023-04-15 11:30:37.107792,20.0,-1.0,-1.0,97.4375,2.0,-4.5
1278,2023-04-15 11:30:39.156090,20.0,-1.0,-1.0,100.3125,5.875,-11.125
1280,2023-04-15 11:30:41.235010,20.0,-1.0,-1.0,148.5625,3.75,-4.9375
1281,2023-04-15 11:30:43.303490,20.0,-1.0,-1.0,152.75,5.3125,-8.875
1283,2023-04-15 11:30:45.366461,20.0,-1.0,-1.0,190.5625,3.1875,-2.75
1284,2023-04-15 11:30:47.423885,20.0,-1.0,-1.0,214.5625,-0.625,-6.875
1285,2023-04-15 11:30:49.498388,20.0,-1.0,-1.0,264.4375,2.875,-12.6875
1287,2023-04-15 11:30:51.560164,20.0,-1.0,-1.0,281.0625,1.0,-5.5
1288,2023-04-15 11:30:53.624185,20.0,-1.0,-1.0,258.3125,-1.3125,-10.0
1289,2023-04-15 11:30:55.676769,20.0,-1.0,-1.0,326.5625,11.0,-8.9375
1290,2023-04-15 11:30:57.724519,20.0,-1.0,-1.0,8.5,-1.5,-5.8125
1291,2023-04-15 11:30:59.783591,20.0,-1.0,-1.0,323.0625,7.75,-9.75
1293,2023-04-15 11:31:01.851790,20.0,-1.0,-1.0,30.75,7.5625,-5.5625
1294,2023-04-15 11:31:03.903569,20.0,-1.0,-1.0,22.4375,-6.625,-8.125
1295,2023-04-15 11:31:05.966699,20.0,-1.0,-1.0,3.0625,0.5625,-13.3125
1296,2023-04-15 11:31:08.015911,20.0,-1.0,-1.0,305.1875,8.5,-13.4375
1297,2023-04-15 11:44:38.756639,14.0,-1.0,-1.0,22.4375,5.9375,-5.375
1298,2023-04-15 11:44:42.851994,14.0,-1.0,-1.0,76.0625,-3.5,-3.25
1299,2023-04-15 11:44:44.924093,14.0,-1.0,-1.0,54.75,8.375,-14.75
1301,2023-04-15 11:44:46.968013,14.0,-1.0,-1.0,78.375,9.3125,-7.9375
1303,2023-04-15 11:44:49.028102,14.0,-1.0,-1.0,75.5,3.1875,-3.8125
1304,2023-04-15 11:44:55.191589,14.0,-1.0,-1.0,140.5,0.75,-1.75
1305,2023-04-15 11:44:57.250472,14.0,-1.0,-1.0,135.4375,-1.0625,-5.0625
1307,2023-04-15 11:45:01.362413,14.0,-1.0,-1.0,176.6875,3.5,-11.5625
1308,2023-04-15 11:45:03.421330,14.0,-1.0,-1.0,186.8125,3.625,-7.75
1309,2023-04-15 11:45:05.519995,14.0,-1.0,-1.0,211.1875,0.4375,-4.5
1310,2023-04-15 11:45:07.571680,14.0,-1.0,-1.0,218.125,7.625,-5.75
1311,2023-04-15 11:45:09.628068,14.0,-1.0,-1.0,213.1875,-1.375,-2.0
1313,2023-04-15 11:45:11.695558,14.0,-1.0,-1.0,255.5,2.6875,-13.25
1314,2023-04-15 11:45:15.828041,14.0,-1.0,-1.0,265.0,-0.3125,-2.5
1315,2023-04-15 11:45:17.884101,14.0,-1.0,-1.0,329.5625,-0.4375,-12.0
1316,2023-04-15 11:45:19.932162,14.0,-1.0,-1.0,313.0,3.8125,-5.375
1318,2023-04-15 11:45:21.984018,14.0,-1.0,-1.0,305.875,2.8125,-3.6875
1319,2023-04-15 11:45:24.038000,14.0,-1.0,-1.0,317.125,7.375,-11.3125
1320,2023-04-15 11:45:26.095060,14.0,-1.0,-1.0,16.0625,4.8125,-4.125
1321,2023-04-15 11:45:28.156175,14.0,-1.0,-1.0,25.875,1.375,-5.0625
1322,2023-04-15 11:45:30.203754,14.0,-1.0,-1.0,48.3125,3.5,-12.5
1323,2023-04-15 11:45:32.263727,14.0,-1.0,-1.0,55.75,3.75,-2.375
1325,2023-04-15 11:45:34.317351,14.0,-1.0,-1.0,60.8125,5.875,-6.9375
1326,2023-04-15 11:45:36.371948,14.0,-1.0,-1.0,63.0625,4.3125,-12.5
1327,2023-04-15 11:45:38.439799,14.0,-1.0,-1.0,10.4375,4.375,-7.5
1328,2023-04-15 11:45:40.493041,14.0,-1.0,-1.0,15.5,-3.4375,-2.8125
1330,2023-04-15 11:45:46.709744,14.0,-1.0,-1.0,52.4375,-4.25,-5.5
1331,2023-04-15 11:45:48.775946,14.0,-1.0,-1.0,52.6875,6.4375,-8.5625
1332,2023-04-15 11:45:50.823841,14.0,-1.0,-1.0,80.9375,5.8125,-5.375
1333,2023-04-15 11:45:52.910714,14.0,-1.0,-1.0,90.3125,-0.375,-5.1875
1334,2023-04-15 11:45:54.960343,14.0,-1.0,-1.0,101.8125,5.125,-9.9375
1335,2023-04-15 11:45:57.023837,14.0,-1.0,-1.0,87.8125,3.25,-5.6875
1336,2023-04-15 11:45:59.120812,14.0,-1.0,-1.0,103.625,6.25,-7.5
1337,2023-04-15 11:46:01.175625,14.0,-1.0,-1.0,129.9375,2.0625,-6.5625
1338,2023-04-15 11:46:03.244120,14.0,-1.0,-1.0,131.3125,3.25,-10.625
1340,2023-04-15 11:46:05.298518,14.0,-1.0,-1.0,88.1875,2.8125,-5.0
1341,2023-04-15 11:46:07.358797,14.0,-1.0,-1.0,119.5,1.8125,-3.75
1342,2023-04-15 11:46:09.419635,14.0,-1.0,-1.0,67.4375,-2.25,-5.875
1343,2023-04-15 11:46:11.467307,14.0,-1.0,-1.0,62.625,8.0,-5.9375
1344,2023-04-15 11:46:13.561670,14.0,-1.0,-1.0,77.125,4.9375,-8.0625
1346,2023-04-15 11:46:15.630471,14.0,-1.0,-1.0,75.25,4.5,-6.375
1347,2023-04-15 11:46:17.682590,14.0,-1.0,-1.0,98.3125,1.0625,-12.6875
1348,2023-04-15 11:46:19.739896,14.0,-1.0,-1.0,94.125,7.375,-2.125
1349,2023-04-15 11:46:21.786307,14.0,-1.0,-1.0,117.5625,-0.5625,-10.125
1350,2023-04-15 11:46:23.825220,14.0,-1.0,-1.0,137.6875,0.3125,-8.875
1352,2023-04-15 11:46:25.888029,14.0,-1.0,-1.0,120.1875,1.8125,-6.125
1353,2023-04-15 11:46:27.942377,14.0,-1.0,-1.0,133.3125,-1.5,-7.1875
1354,2023-04-15 11:46:29.995696,14.0,-1.0,-1.0,116.5,5.9375,-6.0625
1355,2023-04-15 11:46:34.117464,14.0,-1.0,-1.0,96.625,9.25,-6.9375
1357,2023-04-15 11:46:36.220476,14.0,-1.0,-1.0,103.5,-0.4375,-9.1875
1358,2023-04-15 11:46:38.263982,14.0,-1.0,-1.0,82.75,11.0,-10.9375
1359,2023-04-15 11:46:40.319209,14.0,-1.0,-1.0,107.875,-0.1875,-5.25
1360,2023-04-15 11:46:42.378974,14.0,-1.0,-1.0,104.6875,2.0,-4.375
1361,2023-04-15 11:46:44.463508,14.0,-1.0,-1.0,144.5625,1.4375,-12.0
1363,2023-04-15 11:46:46.518423,14.0,-1.0,-1.0,127.5625,2.5625,-0.9375
1365,2023-04-15 11:46:48.627842,14.0,-1.0,-1.0,178.5625,1.3125,-9.625
1366,2023-04-15 11:46:50.668331,14.0,-1.0,-1.0,153.4375,5.25,-12.25
1367,2023-04-15 11:46:52.719671,14.0,-1.0,-1.0,151.0625,0.0,-3.625
1368,2023-04-15 11:46:54.783914,14.0,-1.0,-1.0,143.8125,0.0,-11.9375
1369,2023-04-15 11:46:56.823033,14.0,-1.0,-1.0,153.0625,8.9375,-4.1875
1371,2023-04-15 11:47:00.952208,14.0,-1.0,-1.0,121.25,6.3125,-11.0625
1372,2023-04-15 11:47:03.003493,14.0,-1.0,-1.0,118.875,1.9375,-1.3125
1373,2023-04-15 11:47:05.068403,14.0,-1.0,-1.0,161.75,-0.1875,-12.0625
1374,2023-04-15 11:47:07.131742,14.0,-1.0,-1.0,188.125,4.5,-4.8125
1376,2023-04-15 11:47:09.179647,14.0,-1.0,-1.0,205.3125,2.875,-8.8125
1377,2023-04-15 11:47:11.246471,14.0,-1.0,-1.0,236.75,2.875,-11.25
1378,2023-04-15 11:47:13.298200,14.0,-1.0,-1.0,217.6875,0.125,-5.5625
1379,2023-04-15 11:47:17.418006,14.0,-1.0,-1.0,202.75,4.875,-1.875
1381,2023-04-15 11:47:19.467565,14.0,-1.0,-1.0,235.9375,0.5625,-5.625
1382,2023-04-15 11:47:21.516569,14.0,-1.0,-1.0,249.9375,5.0625,-7.0
1383,2023-04-15 11:47:23.567540,14.0,-1.0,-1.0,269.0625,-2.8125,-10.75
1384,2023-04-15 11:47:25.674712,14.0,-1.0,-1.0,286.25,4.0,-4.75
1385,2023-04-15 11:47:27.724401,14.0,-1.0,-1.0,289.9375,4.25,-4.125
1387,2023-04-15 11:47:29.771142,14.0,-1.0,-1.0,277.0,4.875,-13.0625
1388,2023-04-15 11:47:31.819464,14.0,-1.0,-1.0,338.5,5.25,-3.625
1389,2023-04-15 11:47:33.873835,14.0,-1.0,-1.0,325.75,-0.9375,-9.3125
1390,2023-04-15 11:47:38.002508,14.0,-1.0,-1.0,343.125,3.6875,-13.0
1392,2023-04-15 11:47:40.051944,14.0,-1.0,-1.0,353.25,5.0625,-3.6875
1393,2023-04-15 11:47:42.115719,14.0,-1.0,-1.0,7.375,0.1875,-8.5
1394,2023-04-15 11:47:44.174171,14.0,-1.0,-1.0,351.125,1.1875,-8.4375
1396,2023-04-15 11:47:46.243715,14.0,-1.0,-1.0,349.3125,3.375,-4.125
1397,2023-04-15 11:47:48.331522,14.0,-1.0,-1.0,30.4375,6.625,-11.625
1399,2023-04-15 11:47:52.456266,14.0,-1.0,-1.0,51.5,2.5625,-5.375
1400,2023-04-15 11:47:56.598887,14.0,-1.0,-1.0,42.6875,3.5625,0.75
1401,2023-04-15 11:47:58.656165,14.0,-1.0,-1.0,71.5,3.8125,-10.625
1402,2023-04-15 11:48:00.760802,14.0,-1.0,-1.0,96.5625,4.625,-5.375
1404,2023-04-15 11:48:04.869522,14.0,-1.0,-1.0,125.1875,1.9375,-10.5
1405,2023-04-15 11:48:06.935641,14.0,-1.0,-1.0,108.25,6.8125,-8.375
1406,2023-04-15 11:48:08.988631,14.0,-1.0,-1.0,138.75,1.1875,-6.4375
1407,2023-04-15 11:48:11.052002,14.0,-1.0,-1.0,152.8125,5.5625,-9.3125
1409,2023-04-15 11:48:13.113906,14.0,-1.0,-1.0,157.5625,3.75,-5.25
1410,2023-04-15 11:48:15.166563,14.0,-1.0,-1.0,192.3125,-0.8125,-4.3125
1411,2023-04-15 11:48:21.336053,14.0,-1.0,-1.0,222.125,-2.1875,-3.5
1413,2023-04-15 11:48:23.423510,14.0,-1.0,-1.0,229.375,5.0625,-7.75
1414,2023-04-15 11:48:29.607890,14.0,-1.0,-1.0,244.8125,3.75,-6.25
1415,2023-04-15 11:48:31.655939,14.0,-1.0,-1.0,242.9375,11.8125,-5.5
1417,2023-04-15 11:48:33.735773,14.0,-1.0,-1.0,231.1875,-2.25,-13.125
1418,2023-04-15 11:48:37.871047,14.0,-1.0,-1.0,265.625,2.5625,-10.4375
1419,2023-04-15 11:48:39.931888,14.0,-1.0,-1.0,243.625,-2.5,-3.25
1420,2023-04-15 11:48:41.986631,14.0,-1.0,-1.0,237.1875,7.9375,-10.0
1421,2023-04-15 11:48:44.037036,14.0,-1.0,-1.0,290.8125,3.4375,-10.1875
1423,2023-04-15 11:48:46.085154,14.0,-1.0,-1.0,282.125,3.0625,-3.5
1424,2023-04-15 11:48:48.150179,14.0,-1.0,-1.0,325.8125,-2.1875,-3.9375
1425,2023-04-15 11:48:52.268399,14.0,-1.0,-1.0,287.875,10.625,-12.4375
1426,2023-04-15 11:48:56.375700,14.0,-1.0,-1.0,324.125,3.1875,-2.375
1427,2023-04-15 11:49:00.500161,14.0,-1.0,-1.0,15.25,1.75,-6.0
1428,2023-04-15 11:49:02.551097,14.0,-1.0,-1.0,307.375,6.1875,-7.875
1429,2023-04-15 11:49:04.628410,14.0,-1.0,-1.0,306.75,4.625,-4.6875
1431,2023-04-15 11:49:08.775449,14.0,-1.0,-1.0,345.8125,6.6875,-10.25
1432,2023-04-15 11:49:10.823010,14.0,-1.0,-1.0,350.5625,-1.4375,-6.0625
1433,2023-04-15 11:49:31.512251,14.0,-1.0,-1.0,131.8125,-2.5,-8.0625
1434,2023-04-15 11:49:35.635841,14.0,-1.0,-1.0,107.8125,-0.875,-5.875
1436,2023-04-15 11:49:39.781873,14.0,-1.0,-1.0,91.8125,4.1875,-9.75
1437,2023-04-15 11:49:41.860331,14.0,-1.0,-1.0,95.25,1.5,-4.125
1438,2023-04-15 11:49:43.933657,14.0,-1.0,-1.0,114.4375,7.625,-6.8125
1439,2023-04-15 11:49:46.037441,14.0,-1.0,-1.0,149.0,-1.75,-6.75
1440,2023-04-15 11:49:52.219637,14.0,-1.0,-1.0,194.875,8.0625,-8.0
1441,2023-04-15 11:49:54.291957,14.0,-1.0,-1.0,204.0,0.0,-6.4375
1442,2023-04-15 11:49:56.351691,14.0,-1.0,-1.0,226.0625,-0.4375,-3.875
1444,2023-04-15 11:49:58.416023,14.0,-1.0,-1.0,223.4375,2.875,-10.3125
1445,2023-04-15 11:50:02.536598,14.0,-1.0,-1.0,278.125,8.9375,-8.9375
1446,2023-04-15 11:50:10.771844,14.0,-1.0,-1.0,243.75,1.0625,-3.125
1447,2023-04-15 11:50:17.066709,14.0,-1.0,-1.0,260.875,1.875,-3.3125
1449,2023-04-15 11:50:21.184747,14.0,-1.0,-1.0,276.4375,3.625,-6.75
1450,2023-04-15 11:50:23.231260,14.0,-1.0,-1.0,255.125,2.6875,-5.1875
1451,2023-04-15 11:50:25.298776,14.0,-1.0,-1.0,281.5,8.375,-9.3125
1452,2023-04-15 11:50:29.419637,14.0,-1.0,-1.0,326.4375,-2.0625,-9.4375
1453,2023-04-15 11:50:58.276070,14.0,-1.0,-1.0,235.375,-1.375,-4.375
1454,2023-04-15 11:51:00.341830,14.0,-1.0,-1.0,242.6875,-6.0625,-0.25
1456,2023-04-15 11:51:39.521000,15.0,-1.0,-1.0,258.75,-0.5,0.0
1458,2023-04-15 11:51:41.580402,15.0,-1.0,-1.0,293.6875,-3.375,0.625
1459,2023-04-15 11:52:02.205512,15.0,-1.0,-1.0,322.8125,-13.4375,-2.1875
